1144,(\bdinkelmehl\b|\brog mehl\b|\bweizenmehl\b|\briegel\b|\bbonbon\b|\briegel\b|\bchip\b|\bnüsse\b|\bsauc hollandais\b|\bketchup\b|\bgemahlen\b|\bganz bohnen\b|\bkräuterte\b|\bgrüner te\b|\bfrüchtete\b|\bmilchprodukt\b|\bmüsli und cerealien\b|\bsnack\b|\bgetränk\b|\bsoßen\b|\bessig\b|\bmayonnais\b|\bsenf\b|\bmuffin\b|\blebkuchen\b|\bbrot\b|\bbrötchen\b|\bkeks\b|\bgebäck\b|\bmehl\b|\bzuck\b|\bnudeln\b|\bbulgur\b|\breis\b|\bsoj\b|\bzuckerfrei\b|\bvegan\b|\bblau\b|\bschafskäs\b|\bcamembert\b|\bzi käse\b|\bmozzarel\b|\bfrischkäs\b|\bmarzipan\b|\bsüßwaren\b|\bschokolad\b|\bhonig\b|\banan\b|\bguav\b|\baprikos\b|\bpaprik\b|\btomaten\b|\bmango\b|\bamerik\b|\bdeutschland\b|\bchil\b|\bfrankreich\b|\bspanien\b|\bitalien\b|\bweiß\b|\bperlend\b|\brot\b|\b\b|\bros\b|\bkakao\b|\bkaffe\b|\bte\b|\bgewürztramin\b|\briesling\b|\bcabernet franc\b|\bdolcetto\b|\bsangioves\b|\bcorvin\b|\bgrenach\b|\btraubenverschnitt\b|\bbrunello\b|\bdornfeld\b|\bbarb\b|\bpinot noir\b|\bsonstig rotwein\b|\bros\b|\bmelitt\b|\breckitt benckis\b|\bültje\b|\bheinz\b|\bst\$& dalfour\b|\bkraft\b|\bostmann\b|\bnestl\b|\bmondamin\b|\badelholzen\b|\bfunny frisch\b|\bkikkoman\b|\btwining\b|\bseeberg\b|\btex\b|\bhappy\b|\bvolvic\b|\bquak oat\b|\bperfet van mel\b|\bharibo\b|\bkraft food\b|\byog te\b|\bschwartau\b|\blavazz\b|\bdallmayr\b|\bbarill\b|\bkellogg\b|\bmagg\b|\blacroix\b|\bjelly belly\b|\bweiss\b|\b\b|\b\b|\bmin\b|\b3l\b|\b6l\b|\b1l\b|\b\b|\b1\$&5l\b|\b750ml\b|\b\b|\bhalbtrocken\b|\bextra trocken\b|\btrocken\b|\b\b|\bknapp\b|\bsassicai\b|\bgal\b|\bchateau pichon longuevill comtess de laland\b|\bchateau labegorc zed\b|\bchateau figeac\b|\bchateau latour pomerol\b|\bchateau lafleur\b|\bsegur viud\b|\bbanf\b|\bchateau mont redon\b|\bchateau leovill barton\b|\bchateau nenin\b|\bchateau haut brion\b|\bfontod\b|\bfranz hirtzberg\b|\bvino itali\b|\bchateau poujeau\b|\bpaul hobb\b|\byalumb\b|\bchateau rieussec\b|\bcaten zapat\b|\bwinz krem\b|\bcumulus win\b|\bmedic\b|\bcantin di soav\b|\bweston\b|\baccademi dei racem\b|\bcardinal\b|\bruinart\b|\ballegrin\b|\bchateau de chamirey\b|\bmarqu de murriet\b|\binniskillin\b|\bbrancott\b|\bsaint clair\b|\bmartin\b|\bveuv clicquot\b|\bbellavist\b|\bjuliusspital\b|\bsimonsig\b|\bwent\b|\broz port\b|\bjoseph perri\b|\bcastello di gabbiano\b|\bpaul jaboulet ain\b|\bwilliam fevr\b|\btrapich\b|\brosemount\b|\bvriesenhof\b|\bravenswood\b|\bcantin mont\b|\bcastel\b|\bheartland win\b|\bjordan\b|\bfritz\b|\bmarches di barolo\b|\bchateau ste\$& michel\b|\bmarqu de cacer\b|\bmug\b|\bruffino\b|\bschneid\b|\bmauro\b|\blurton\b|\bnicol feuillatt\b|\bcastello banf\b|\btaitting\b|\boliv\b|\brobert mondav\b|\bkaapzicht\b|\bchateau cheval blanc\b|\bdonnafugat\b|\bdolc\b|\bmont\b|\bpenfold\b|\bzenato\b|\bde ros\b|\bmas\b|\bmiguel torr\b|\b\b|\b\b|\b\b|\b\b|\b\b|\b\b|\b\b|\b\b|\b\b|\b\b|\b\b|\b\b|\b\b|\b\b|\bnavarr\b|\bmendoz\b|\brhon chateauneuf du pap\b|\bbordeau sautern\b|\brib del duero\b|\bbierzo\b|\bmadeir\b|\bnap valley\b|\bbordeau haut medoc\b|\bpiedmont barbaresco\b|\bweinviertel\b|\bmarlborough\b|\bsonom\b|\bswartland\b|\brhon croz hermitag\b|\bsaal unstrut\b|\bburgund chabl\b|\bpfalz\b|\bbasilicat\b|\btuscany\b|\bdouro\b|\brhon cot du rhon\b|\bstellenbosch\b|\bcaliforni\b|\btrentino alto adig\b|\bcataluni\b|\bmaipo tal\b|\btoro\b|\btokaj\b|\bloir\b|\blombard oder franciacort\b|\bvenezien soav\b|\bsicily\b|\brhon st joseph\b|\bemili romagn\b|\btauras docg\b|\bumbri\b|\bvenetien\b|\bpugli\b|\brioj\b|\btoskan montalcino\b|\bcav\b|\btoskan\b|\bbordeau st emilion\b|\bvenezien valpolicel\b|\babruzzo oder montepulciano\b|\btoskan chiant\b|\bchampagn\b|\b\b|\b\b|\b\b|\b\b|\b\b|\b\b|\b\b|\b\b|\b\b|\b\b|\b\b|\b\b|\b\b|\b\b|\b\b|\b\b|\b\b|\bchampagn und sekt\b|\bweißwein\b|\bsonstig wein\b|\bros rotwein\b|\bspirituosen und bier\b|\blebensmittel und getränk\b|\bwein\b)
1714,(\bcrossfir\b|\bsli\b|\bintel extrem graphic\b|\bati radeon hd\b|\bintel graphic medi accelerator x4500\b|\bxeon\b|\bceleron\b|\bathlon\b|\bdirectx\b|\bdirectx\b|\bopengl\b|\bdirectx 10\$&1\b|\bcud\b|\bpin\b|\busb\b|\bmbit flash eeprom mit ami bios\b|\bmbit ami bios\b|\bmbit flash rom mit ami bios\b|\bmbit flash eeprom mit ami bios\b|\bfirewall\b|\bdual channel speicherarchitektur\b|\bhyperthreading fähig\b|\bfür apple\b|\bfür ibm\b|\buniversal\b|\bfür hp\b|\bmatrox\b|\bati\b|\bamd\b|\bnvidi\b|\bhdmi\b|\bdvi\b|\bdvi\b|\bhdmi\b|\bpolig sub vga schnittstel\b|\bac97 audio codec\b|\bmedi cmi9761\b|\bvi vinyl vt1708\b|\bvi vt1705\b|\brealtek alc892\b|\bexecut disabl bit\b|\bextended memory technolog em64t\b|\berweitert intel speedstep technolog\b|\bhyp threading technolog\b|\bintel trusted execu technology\b|\bidle stat\b|\bquad cor\b|\bvirtualiz technology\b|\bsockel\b|\blga v3\b|\bfclga2011\b|\bsockel\b|\bsockel am3\b|\blga\b|\bwhql\b|\bfcc teil\b|\bic\b|\bg\b|\bce\b|\bfcc\b|\bpci express\b|\bpci\b|\busb\b|\bserv\b|\bdesktop\b|\bpci express x16\b|\bpci\b|\bkühlkörper und kühlungsventilator\b|\bkein nur prozessor\b|\b\b|\b\b|\bsilikon\b|\baluminium\b|\bsilb\b|\bkupf\b|\bbit\b|\bbit\b|\bbit\b|\bbit\b|\bnvidi geforc gtx ti\b|\bnvidi geforc gtx\b|\bnvidi quadro fx\b|\bnvidi geforc\b|\bnvidi quadro k420\b|\bamd firepro w2100\b|\bamd firepro w8000\b|\bati firepro v5800\b|\bnvidi quadro nv\b|\bnvidiatesl c870\b|\bmatrox p690 lp\b|\bamd firepro w7100\b|\bfiremv\b|\bnvidi quadro k2200\b|\bsuspend to ram\b|\bechtzeituhr wakeup alarm\b|\bwak on ring head\b|\bacpi apm pow manag\b|\bwak on lan head\b|\bspdif eingang\b|\bkoaxial eingang\b|\boptisch digitaleingang\b|\blin in\b|\bmikrofonanschlussbuchs\b|\bsat raid\b|\braid\b|\bsat raid\b|\bsat raid\b|\bsat raid\b|\braid\b|\braid\b|\braid\b|\bdvi dual link\b|\bdm\b|\bvga sub polig\b|\bdvi dual link\b|\bdisplayport\b|\bdvi dual link\b|\bvga\b|\bdvi\b|\bdisplayport\b|\bmin hdmi\b|\bdvi\b|\bhdmi\b|\bdvi\b|\bdvi\b|\b\b|\b\b|\b\b|\b\b|\busb\b|\bpci express 3\$&0\b|\bpci express\b|\bpci\b|\bdisplayport\b|\bvga\b|\bhdmi\b|\bdual pci express x16\b|\bdvi\b|\bpci express\b|\bagp 8x\b|\bpci express x1\b|\bpci express x16\b|\bpolig dimm\b|\bdimm\b|\bdimm\b|\bdimm\b|\bsmbios 2\$&3\b|\bdmi2\$&0\b|\bsmbios 2\$&5\b|\bwfm2\$&0\b|\bacpi 2\$&0a\b|\bpci 3\$&0\b|\bsmbios 2\$&3\$&1\b|\bplug and play bios\b|\bacpi 1\$&1\b|\bbluetooth\b|\bschnel ethernet\b|\bethernet\b|\bgigab ethernet\b|\bamd\b|\bintel\b|\bddr sdram\b|\bgddr3\b|\bddr3 sdram\b|\bgddr5\b|\bserial ata iii\b|\bserial ata ii\b|\bserial ata\b|\bdma ata ultra\b|\bserial ata raid\b|\bserial ata\b|\bserial ata iii\b|\bserial ata ii\b|\bserial ata ii\b|\bserial ata ii\b|\bdma ata ultra\b|\bserial ata iii\b|\bserial ata iii\b|\bkühlkörper\b|\bwärmeleitpast\b|\blüfter\b|\bcpu lüfter\b|\bmac\b|\bpc\b|\benterpris\b|\bser\b|\bpow zon\b|\bdark pow pro\b|\bsystem pow\b|\bpur pow\b|\bopteron\b|\bpentium\b|\bceleron\b|\bfx\b|\bxeon\b|\blga sockel h2\b|\bsockel\b|\blga sockel\b|\bsockel am3\b|\bsocket am3\b|\bsockel m2\b|\bsocket fm2\b|\bsocket am3\b|\blga v3\b|\bsockel\b|\bsockel\b|\blga sockel\b|\bsockel\b|\bsockel\b|\bsocket\b|\bam3\b|\blga\b|\blga sockel\b|\blga\b|\blga sockel h3\b|\blga\b|\bam3 plus\b|\bamd\b|\bintel\b|\bddr2 sdram\b|\bddr sdram\b|\bddr3 dram\b|\bddr4 sdram\b|\bddr3 sdram\b|\bkanäl\b|\bkoaxialausgang\b|\bkanäl\b|\bkanäl\b|\blin out\b|\boptisch ausgang\b|\bkanäl\b|\b5\$&1 kanäl\b|\b7\$&1 kanäl\b|\bspdif ausgang\b|\bsoundkart\b|\beatx\b|\bssi eeb\b|\bmikro atx\b|\bmicroatx\b|\bmin itx\b|\batx\b|\bibm\b|\bamd\b|\bintel\b|\bintel z97 express\b|\bamd rx881\b|\bintel ich9r\b|\bintel c204\b|\bamd 990x\b|\bintel 865g\b|\bintel x58\b|\bintel h97\b|\bintel c602\b|\bintel q87\b|\bintel c612\b|\bintel h81 express\b|\bintel x99 express\b|\bintel b85\b|\bintel g41 express\b|\bamd a88x\b|\bintel c222\b|\bintel c224\b|\bamd 760g\b|\bintel c602\b|\bintel\b|\bamd\b|\bamd 990fx\b|\bintel z97\b|\bamd\b|\bamd a78\b|\bintel x99\b|\bintel z170\b|\bamd a68\b|\bdiskettenschnittstel\b|\bp maus\b|\bdiskettenschnittstel\b|\bparallel schnittstel ecp epp spp\b|\bhd audio jack\b|\bdvi\b|\baudio anschlüsse\b|\busb 1\$&1\b|\bfirewir ieee1394\b|\besat\b|\bsas\b|\busb 3\$&1\b|\bvga port\b|\bp tastatur maus\b|\bhdmi\b|\bp tastatur\b|\busb 2\$&0\b|\busb 3\$&0\b|\bsat iii\b|\brj45 lan schnittstel\b|\busb 2\$&0\b|\busb 3\$&0\b|\bhdmi\b|\busb 2\$&0\b|\bsub\b|\busb 1\$&0 1\$&1\b|\bseriel schnittstel\b|\bp maus\b|\bp tastatur\b|\busb 3\$&0\b|\bethernet rj\b|\busb 2\$&0\b|\batx\b|\busb 3\$&0\b|\b70mm\b|\b30mm\b|\b200mm\b|\b50mm\b|\b60mm\b|\b40mm\b|\b92mm\b|\b80mm\b|\b140mm\b|\b120mm\b|\bmhz\b|\bmhz\b|\bmhz\b|\bmhz\b|\bmhz\b|\bmhz\b|\bmhz\b|\bmhz\b|\bmhz\b|\bmhz\b|\bmhz\b|\bmhz\b|\bmhz\b|\bmhz\b|\bmhz\b|\bmhz\b|\bmhz\b|\bmhz\b|\bmhz\b|\bmhz\b|\bmhz\b|\bmhz\b|\bmhz\b|\bmhz\b|\bmhz\b|\bintel xeon e3 ser\b|\bintel pentium\b|\bintel cor i7 extrem edit\b|\bathlon fx\b|\bamd am3 fx\b|\bintel celeron\b|\bintel core2 duo\b|\bintel core2 extrem\b|\bintel core2 quad\b|\bintel pentium dual cor\b|\bintel celeron dual cor\b|\bintel celeron\b|\bamd phenom ii\b|\bintel xeon\b|\bamd athlon x4\b|\bamd athlon\b|\bamd athlon ii\b|\bintel pentium\b|\bamd athlon ii x3\b|\bamd athlon ii x4\b|\bamd phenom ii x6\b|\bamd phenom ii x2\b|\bamd phenom ii x3\b|\bamd phenom ii x4\b|\bamd athlon ii x2\b|\bintel cor i3\b|\bintel celeron\b|\bamd sempron\b|\bamd fx\b|\bintel cor i5\b|\bintel cor i7\b|\bsapphir\b|\binnovis\b|\bmatrox\b|\bibm\b|\bcougar\b|\bfsp group\b|\bxigmatek\b|\bterratec\b|\brasurbo\b|\bpowercolor\b|\bcompucas\b|\belit\b|\bzotac\b|\bkfa2\b|\bhis\b|\bmicrosoft\b|\bakas\b|\bchenbro\b|\bpny\b|\banide\b|\bsup flow\b|\bdel\b|\bnvidi\b|\bcisco\b|\bxfx\b|\bdynatron\b|\bkingston\b|\bgateway\b|\bdigitus\b|\buniversal audio\b|\baudigy\b|\bacer\b|\bfortron\b|\braijintek\b|\blep\b|\bzippy\b|\bcreativ technology\b|\bantec\b|\bzalman\b|\bgainward\b|\bbitfenix\b|\bati\b|\bfractal design\b|\bfsp\b|\bcooltek\b|\bmin\b|\bfujitsu\b|\blenovo\b|\bpal\b|\bbiostar\b|\bhp\b|\bekl\b|\bscyth\b|\bms\$& tech\b|\binter tech\b|\bchieftec\b|\bnzxt\b|\bsharkoon\b|\bevga\b|\bse sonic\b|\baqua comput\b|\bnoctu\b|\baerocool\b|\barctic cooling\b|\blc pow\b|\bsilverston\b|\blian li\b|\bxilenc\b|\barctic\b|\benermax\b|\bsupermicro\b|\bmsi\b|\bgigabyt\b|\bamd\b|\bthermaltak\b|\bcool mast\b|\basrock\b|\bintel\b|\bbe quiet\b|\bcorsair\b|\basus\b|\bsoundkarten\b|\bgrafikkarten\b|\bprozessoren\b|\beingangsadapt\b|\bpc gehäus\b|\bnetzteil\b|\bmotherboard\b|\bsystemkühlung\b)
1728,(\bkindersicherung\b|\b7\$&2\b|\b\b|\b\b|\bdigital display\b|\belektronisch regelung\b|\bfächer\b|\bauslaufschutz\b|\beinlegeboden\b|\beiswürfelschalen\b|\bnapoleon\b|\blandmann\b|\bknöpfe\b|\belektronisch tasten\b|\btragbar\b|\bfest\b|\beingebaut\b|\b\b|\b\b|\brösten\b|\bbacken\b|\bgrillen\b|\bstandard\b|\bgroß\b|\bdrucktast\b|\belektronik\b|\bkohlefilt\b|\bmetall fettfilt\b|\bfrost fre system\b|\bmanuel abtauen\b|\bautomatisch abtauen\b|\bros\b|\bweiß\b|\b\b|\b\b|\b\b|\b\b|\b\b|\btreppen\b|\bholzfußböden\b|\bwerkstatt\b|\bfenst\b|\bhartböden\b|\bteppichböden\b|\bpolstermöbel\b|\btrockn\b|\bgetränkehalt\b|\bwaschmaschin\b|\bgemüsefach feuchtigkeitsregulierung\b|\bgemüsefach\b|\bgemüsefäch\b|\beierfach\b|\btoplad\b|\bfrontlad\b|\b\b|\b\b|\b\b|\b\b|\b\b|\b\b|\bschwammfilt\b|\bcloth filtrat\b|\bhygien filtersystem\b|\bair clean\b|\bpermanent staubfilt\b|\bmegafilt supertex\b|\bhep\b|\bzyklon\b|\bschaumstofffilt\b|\bwaschbar\b|\beinbaufähig\b|\bunterbaufähig\b|\beingebaut\b|\bfreistehend\b|\bbaumwoll\b|\bfeinwäsch\b|\bkochwäsch\b|\bwoll\b|\bhandwäsch\b|\bpflegeleicht\b|\bbuntwäsch\b|\bnass\b|\bdampf\b|\bzyklon\b|\bbehält\b|\bstaubbeutel\b|\bnass trocken\b|\bgrau\b|\bbraun\b|\bsilb\b|\bschwarz\b|\bweiß\b|\bedelstahl\b|\bfreistehend\b|\beinbau\b|\belektrisch\b|\bgas\b|\bindukt\b|\bhalo\b|\bglühbirn\b|\bkühlschrank\b|\bgefrierschrank\b|\bedelstahl schwarz\b|\brot\b|\bgrau\b|\bkupf\b|\bcrem\b|\bschwarz\b|\bweiß\b|\bedelstahl\b|\bgasbren\b|\bheizspiral\b|\bhalo\b|\bteppan yak\b|\bkochplatt\b|\beben oberfläch\b|\bindukt\b|\bglaskeramik\b|\bherd\b|\bkochfeld\b|\bbackofen\b|\bemaill\b|\bkeramik\b|\bglaskeramik\b|\bedelstahl\b|\bmetal grau\b|\banthraz atra silb\b|\bgrün weiß\b|\bmango rot\b|\btitan chrom\b|\borang\b|\blil\b|\bblau lichtgrau\b|\banthraz\b|\banthraz rot\b|\bgrün\b|\btürkis\b|\bdeutschland\b|\bgelb\b|\bschwarz gelb\b|\brot\b|\bsilb lil\b|\bweiß blau\b|\bgelb schwarz\b|\bgrau\b|\bblau\b|\bdark night\b|\bsilb\b|\bdeep berry metallic\b|\bschwarz silb\b|\bweiß\b|\bschwarz\b|\bgas\b|\bindukt\b|\bgasherd\b|\bgas kochfeld\b|\belektro\b|\bglaskeramik\b|\belektroherd\b|\belektro kochfeld\b|\bgrün\b|\borang\b|\bbeig\b|\bbraun\b|\bgrau\b|\brot\b|\bschwarz\b|\bsilb\b|\bweiß\b|\bstandstaubsaug\b|\bbürstsaug\b|\brobot staubsaug\b|\bwaschsaug\b|\bnass trockensaug\b|\bdampfreinig\b|\bakku handstaubsaug\b|\bhandstaubsaug\b|\bbodenstaubsaug\b|\bdesignerhaub\b|\bwandhaub\b|\bwandgerät\b|\binsel\b|\bzwischenbauhaub\b|\bausziehbar\b|\babluft arbeitsplatt\b|\beingebaut\b|\bl\$&\$&\$&fterbaustein\b|\binselhaub\b|\bunterbau\b|\bflachschirmhaub\b|\bkaminhaub\b|\bcrem\b|\bgrün\b|\borang\b|\bbeig\b|\bbraun\b|\bmetallic\b|\bbordeau\b|\brot\b|\bschwarz\b|\bsilb\b|\bedelstahl\b|\bweiß\b|\bglas\b|\bchrom\b|\bmetal\b|\bedelstahl glas\b|\baluminium\b|\bedelstahl\b|\brobert thom\b|\bsedi\b|\brommelsbach\b|\bfrost\b|\bcoprec\b|\bdunlop\b|\bdometic\b|\bhisens\b|\bnilfisk alto\b|\bfein\b|\btermikel\b|\bnovy\b|\bneato\b|\bschaub lorenz\b|\bneg\b|\bviled\b|\bwpro\b|\bmid\b|\becovac\b|\bmakit\b|\bstadl form\b|\bfrank\b|\baquavac\b|\birca\b|\bbergstroem\b|\bcomfe\b|\bvax\b|\blg\b|\bmistervac\b|\bcolumbus\b|\bdimplex\b|\bsteb\b|\bsolac\b|\bping\b|\bsoehnl\b|\bstiebel eltron\b|\bdomo\b|\bfireplac\b|\bsprintus\b|\bilve\b|\bbartsch\b|\bwhirlpool\b|\bunold\b|\bnilco reinigungsmaschinen\b|\beio\b|\bsuntec\b|\browent\b|\bblack deck\b|\bhoneywel\b|\bbestron\b|\bcomfe\b|\bswirl\b|\btristar\b|\bindes\b|\beuropart\b|\bham\b|\bh\$&koenig\b|\bzank\b|\bbraun\b|\bxavax\b|\belic\b|\birobot\b|\bbissel\b|\bkobold\b|\bfak\b|\bconstruct\b|\bgrundig\b|\bemax\b|\bhotpoint\b|\bhai\b|\bnumatic\b|\bggv\b|\bdelongh\b|\bnilfisk\b|\bbeem\b|\bfalcon\b|\belectrolux\b|\bbeur\b|\bdyson\b|\bhoov\b|\bcandy\b|\bklarstein\b|\bphilip\b|\bblomberg\b|\bmiel\b|\btek\b|\borani\b|\bexquis\b|\bseverin\b|\bdirt devil\b|\bzanuss\b|\bbauknecht\b|\bsamsung\b|\bvorwerk\b|\bbosch\b|\bpkm\b|\bkärcher\b|\baeg\b|\brespekt\b|\bbosch\b|\bneff\b|\bliebherr\b|\bsiemen\b|\bsmeg\b|\bbomann\b|\bbeko\b|\bgorenj\b|\bamic\b|\bluftentfeucht\b|\bluftreinig\b|\bzubehör für kühl und gefrierschränk\b|\bklimaanl\b|\bluftbefeucht\b|\bzubehör für spülmaschinen\b|\btrockn\b|\bzubehör für grill und dampfgerät\b|\bzubehör für waschmaschinen und trockn\b|\bwaschmaschinen\b|\bzubehör für herd und öfen\b|\bzubehör für staubsaug\b|\bgeschirrspül\b|\bstaubsaug\b|\bherd backöfen und kochfeld\b|\bdunstabzugshauben\b|\bkühl und gefrierschränk\b)
2128,(\bzentrifugalentsaft\b|\bzitruspress\b|\bmit fruchtfleischauswurf\b|\bohne fruchtfleischauswurf\b|\btischgrill\b|\bsandwich mak\b|\bdrucktast\b|\belektronisch tasten\b|\bautomatik\b|\bmanuel\b|\bbacken\b|\btoast\b|\bgrillen\b|\bschwarz\b|\bsilb\b|\bgelb\b|\bweiß\b|\bmit doppelt nadeln\b|\bohne doppelt nadeln\b|\bklarstein\b|\bunold\b|\belektronik\b|\bmechanisch\b|\bglas\b|\bchrom\b|\bedelstahl\b|\bmit grill heißluft\b|\bmit grill\b|\btischventilator\b|\bdeckenventilator\b|\bohne integriert kaffeemühl\b|\bmit integriert kaffeemühl\b|\beinzeln\b|\bmehrer\b|\bblau\b|\bschwarz\b|\bsilb\b|\bbraun\b|\bgrün\b|\brot\b|\bweiß\b|\bkeramik\b|\bquartz\b|\bhalo\b|\binfrarot\b|\baluminium\b|\bmetall\b|\baluminium\b|\bplatin\b|\bchrom\b|\bglas\b|\bkunststoff\b|\bedelstahl\b|\bhandrührgerät\b|\bstabmix\b|\bstandmix\b|\bküchenmaschin\b|\brot\b|\bgrau\b|\bweiß\b|\bbraun\b|\bsilb\b|\bschwarz\b|\belectric titan\b|\bschwarz anthraz\b|\bschwarz silb\b|\bdunkelgrau\b|\banthraz\b|\bchrom\b|\bweiß edelstahl\b|\bweiß grau\b|\bbeigebraun\b|\bschwarz edelstahl\b|\bweiß schwarz\b|\bgrau\b|\bkupf\b|\brot\b|\bcromargan\b|\bbraun\b|\bweiß\b|\bsilb schwarz\b|\bsilb\b|\bschwarz\b|\bmanuel\b|\belektrisch\b|\bpercolator\b|\bespresso vollautomat\b|\bmokkamaschin\b|\bkaffeepadmaschin\b|\bfranzösisch pressen\b|\bvollautomat\b|\bfilt kaffeemaschin\b|\bkaffeemaschin\b|\bespressomaschin\b|\bkaffeevollautomat\b|\besge zauberstab\b|\bcaso germany\b|\bunold ag\b|\bjago\b|\beltac\b|\bnespresso\b|\bmi\b|\bcaso\b|\bpolt\b|\bmagimix\b|\bsamsung\b|\binfraworld\b|\belectrolux\b|\bla pavon\b|\bbezz\b|\bjanom\b|\bmeliss\b|\bvortic\b|\bvaill\b|\bmo el\b|\bbauknecht\b|\beasiyo\b|\bmedion\b|\bemerio\b|\bgrundig\b|\bkoron\b|\bleifheit\b|\btek\b|\bsharp\b|\beva solo\b|\bnescaf\b|\bsmeg\b|\bkalorik\b|\bhomedic\b|\bsuntec\b|\bplus\b|\bzanuss\b|\bhoneywel\b|\bbeko\b|\bmedion\b|\bdimplex\b|\blg\b|\barzum\b|\britterwerk\b|\bmoulinex\b|\bh\$&koenig\b|\bw6 wertarbeit\b|\bnemox\b|\bdyson\b|\bximax\b|\bankarsrum\b|\bjupit\b|\britt\b|\brussel hobb\b|\browent\b|\bdomo\b|\brommelsbach\b|\bprof cook\b|\bpanasonic\b|\bwhirlpool\b|\bleopold\b|\bgies\b|\blandmann\b|\bneumärk\b|\bnivon\b|\bsolamagic\b|\befbe schott\b|\bwmf\b|\bjur\b|\bcasafan\b|\bcilio\b|\bkitchenaid\b|\bstiebel eltron\b|\bklarstein\b|\bbartsch\b|\bpetr\b|\bweck\b|\bgastroback\b|\bre\b|\bsilvercrest\b|\bgritzn\b|\baeg\b|\bunold\b|\btristar\b|\bsteb\b|\bbestron\b|\bsing\b|\bclo\b|\bbomann\b|\bgraef\b|\btefal\b|\bsiemen\b|\bbraun\b|\bmelitt\b|\bkrup\b|\bhudson reed\b|\bphilip\b|\bbodum\b|\bkenwood\b|\bbeem\b|\bbosch\b|\bseverin\b|\bzehnd\b|\bdelongh\b|\bvasco\b|\bbuderus\b|\bpopcorn maschinen\b|\bkaffeemühlen\b|\breiskoch und dampfgar\b|\bnudelmaschinen\b|\bbrotbackmaschinen\b|\beiscrememaschinen\b|\bwaffeleisen\b|\brührgerät\b|\btoastöfen\b|\bfritteusen\b|\bentsaft\b|\bnähmaschinen\b|\btischgrill und sandwich mak\b|\blüfter\b|\bpüriergerät\b|\btoast\b|\bbügeleisen\b|\bzubehör für elektrisch küchengerät\b|\bmikrowellenherd\b|\bsonstig küchengerät\b|\buniversalküchenmaschinen\b|\bwasserkoch\b|\bkaffe und espressomaschinen\b|\bheizgerät\b)
276,(\bperlmutt\b|\bsüdseeperlen\b|\btahitiperlen\b|\bsüßwasserperlen\b|\bkarat\b|\bkarat\b|\bkarat\b|\bkarat\b|\bkatzen\b|\bsternzeichen\b|\binitialen\b|\bengel\b|\bmarienkäf\b|\bpersonalisiert\b|\btropfen\b|\bstern\b|\bherzen\b|\bblumen\b|\btropfen\b|\bsmaragd\b|\boval\b|\brund\b|\bachat\b|\brubin\b|\brauchquarz\b|\bbernstein\b|\bonyx\b|\baquamarin\b|\bgranat\b|\bturmalin\b|\btop\b|\bopal\b|\bjad\b|\bglas\b|\bamethyst\b|\bkristall\b|\bsmaragd\b|\bsaph\b|\bperl\b|\btürkis\b|\btansan\b|\bdiam\b|\bzirkoni\b|\bgeflochten\b|\bfigaro\b|\bclip\b|\bestat\b|\bankerket\b|\bbandring\b|\btropfen\b|\beternity\b|\barmreifen\b|\bsolitärring\b|\bcreolen\b|\bohrsteck\b|\bsolar\b|\btriangel\b|\bboucheron\b|\bcufflink\b|\bpolic\b|\bfantas\b|\bbrill\b|\bvalero pearl\b|\bflow\b|\bapple\b|\bleonardo\b|\bachat\b|\bemporio arman\b|\btropfen\b|\brafael donat\b|\bunder armour\b|\bdiesel\b|\bguess\b|\bserg luten\b|\bcabochon\b|\bcalvin klein\b|\bdolc gabban\b|\bswarovsk\b|\bpandor\b|\bfossil\b|\belli\b|\besprit\b|\bpilgrim\b|\bros\b|\bp1\b|\bsi\b|\bplatin\b|\brhodium\b|\brotgold\b|\btitan\b|\bglas\b|\bweißgold\b|\bsterling silb\b|\bedelstahl\b|\bgelbgold\b|\bkörperschmuck\b|\bschmuckkästchen\b|\bschlüsselanhäng\b|\bschmuckset\b|\bmanschettenknöpf\b|\barmbänder\b|\bring\b|\banhänger\b|\bohrring\b|\bkind\b|\bherren\b|\bunisex\b|\bdamen\b|\bhellgrün\b|\bhellblau\b|\bviolet\b|\bhellgrau\b|\bflied\b|\bdunkelblau\b|\borang\b|\btürkis\b|\blil\b|\bpink\b|\bbeig\b|\bgrün\b|\bbraun\b|\bros\b|\brot\b|\bgelb\b|\bblau\b|\bweiß\b|\bschwarz\b|\bgold\b|\bsilb\b)
31515,(\bschal tücher\b|\bhandschuh\b|\bgürtel\b|\blang\b|\bknielang\b|\bkurz\b|\bflared\b|\bskinny\b|\bslim\b|\bbootcut\b|\bstraight\b|\bkapuz\b|\brundhalsausschnitt\b|\bausschnitt\b|\bsweatshirt\b|\bstrickjacken\b|\bpolo shirt\b|\bpullov\b|\btop\b|\bshirt\b|\bshirt top\b|\bhemden\b|\bblusen\b|\bbusiness\b|\bsport\b|\bfreizeit\b|\bmädchen\b|\bjun\b|\bshort bermud\b|\bbusinesshosen\b|\bre hosen\b|\bchinos\b|\bhosen\b|\bcrem\b|\bgold\b|\bsilb\b|\blil\b|\borang\b|\bbraun\b|\bgelb\b|\bpink\b|\bgrün\b|\bbeig\b|\bweiß\b|\brot\b|\bgrau\b|\bblau\b|\bschwarz\b|\braven\b|\bbench\$&\b|\bdreimast\b|\bfracomin\b|\bmoncl\b|\baqua\b|\bm\$&o\$&d\b|\bsalew\b|\bchillaz\b|\blingador\b|\bmogul\b|\bbeach\b|\blogo\b|\bichi\b|\bstyl\b|\bbetty barclay\b|\bsimond\b|\bwhit season\b|\bperform\b|\bink\b|\bglob\b|\bwrangl\b|\bmitchel ness\b|\btru\b|\bdjinn\b|\bbuff\b|\bcayl son\b|\bcheap monday\b|\bcodello\b|\bvan\b|\bbruno banan\b|\bfrench connect\b|\bunlimited\b|\bmustang\b|\banimal\b|\bscotch sod\b|\bjoop\b|\brick cardon\b|\beton\b|\brebel\b|\bseidenstick\b|\bmichael kor\b|\bsheego\b|\bgeographical norway\b|\brockin\b|\bb\$&c\$& best connect\b|\bbodyflirt\b|\bone one one\b|\ballud\b|\bsem\b|\bfabian filipp\b|\bqueen mum\b|\bmoschino\b|\bmarc aurel\b|\boui oui\b|\bcatwalk\b|\bdreamwork\b|\bmaximo\b|\bjacquard\b|\bkook\b|\bglitz\b|\bfuchsi\b|\bgsus\b|\bhurley\b|\bbjörn borg\b|\bapart\b|\bltb jean\b|\bbanan republic\b|\bjoseph\b|\bjarlo\b|\bdenham\b|\bragwear\b|\bkitaro\b|\bbogn\b|\bsoulland\b|\bglamorous\b|\bjom\b|\bpenfield\b|\balpha industr\b|\bgameday\b|\berim\b|\bjojo\b|\bloreak mendian\b|\bbeach pant\b|\bpetrol industr\b|\bceceb\b|\bskiny\b|\bsag\b|\blittl mistress\b|\brip curl\b|\bmolly bracken\b|\bkilltec\b|\bberghaus\b|\bkhujo\b|\bsmartwool\b|\bcream\b|\buhlsport\b|\bwatercult\b|\bboom bap\b|\bby malen birg\b|\bmexx\b|\blin\b|\bvintag\b|\bcumin\b|\bgonso\b|\bconvers\b|\bbox\b|\bvidaxl\b|\bbelmondo\b|\bnew era\b|\bhom\b|\bspringfield\b|\bsaint trop\b|\betro\b|\bluis cerano\b|\bsteffen schraut\b|\bkey largo\b|\bfalk\b|\bkomb\b|\blego wear\b|\bdrykorn\b|\bantony morato\b|\blascan\b|\bcloset\b|\bfilipp\b|\bmymo\b|\bzalando\b|\bdim\b|\bwall\b|\bsoyaconcept\b|\bweekend\b|\bcamel\b|\bwon hundred\b|\biodus\b|\bdocker\b|\bobject\b|\bjust femal\b|\bindigo\b|\bsalomon\b|\bmoss\b|\bsanet\b|\bbrunott\b|\broyal\b|\bbugatt\b|\blev\b|\betern\b|\beveryday\b|\bsky\b|\blundhag\b|\bwld\b|\bashley brook\b|\bjohn ban\b|\breplay\b|\bblaz\b|\bgant\b|\btru religion\b|\bamerican vintag\b|\bcomm\b|\bknowledg cotton apparel\b|\bsand\b|\bpatagoni\b|\bchiemse\b|\ble\b|\blacost\b|\bcart\b|\bminimum\b|\bgaastr\b|\blang\b|\blang\b|\bdrop\b|\bpetrol\b|\bschiess\b|\btommy hilfig\b|\bmau wow\b|\bdarling harbour\b|\bkalenj\b|\banna field\b|\breebok\b|\bvolcom\b|\bmam licious\b|\bseafolly\b|\bgap\b|\bcraft\b|\bmorgan\b|\burban classic\b|\bpierr cardin\b|\bcool cod\b|\blivr\b|\bmav\b|\bzien\b|\btwintip\b|\bnopp\b|\bolymp\b|\bvertbaudet\b|\bbillabong\b|\bdc\b|\bpep jean\b|\bnam it\b|\bapricot\b|\bross\b|\bpi one\b|\bnew look\b|\barmedangel\b|\bbonprix\b|\b\b|\bselected\b|\bcalvin klein\b|\bnext\b|\bpum\b|\bslim fit\b|\bodlo\b|\bvaud\b|\bock\b|\bdorothy perkin\b|\bjack wolfskin\b|\bjack jon\b|\brei\b|\bmarc polo\b|\bbrax\b|\bunder armour\b|\boutdoor\b|\bcut\b|\bnavy\b|\bdomyos\b|\bonly\b|\beven odd\b|\bwilvorst\b|\bmango\b|\bvero mod\b|\bs\$&oliv\b|\bland end\b|\bsuperdry\b|\btom tailor\b|\bblu\b|\badid\b|\bnik\b|\besprit\b|\bfrauen\b|\bunisex\b|\bherren\b|\bdamen\b|\banzüge kostüm\b|\bumstandsmod\b|\bjacken westen\b|\bmäntel\b|\bbademod\b|\bjacken\b|\bjean\b|\baccessoir\b|\bhosen\b|\bkleid und röcke\b|\boberteil und hemden\b|\b\b|\b\b|\b1x\b|\b\b|\b\b|\b2x\b|\b\b|\b\b|\b\b|\b\b|\b\b|\b\b|\bpetit\b|\b\b|\b\b|\bxxl\b|\b4x\b|\b\b|\b\b|\b\b|\b\b|\b\b|\b\b|\b\b|\bxl\b|\blycr\b|\bsamt\b|\bjersey\b|\bleinen\b|\btweed\b|\bflanel\b|\bcord\b|\bspitz\b|\bsatin\b|\bnylon\b|\bbaumwollmischung\b|\bacryl\b|\bfleec\b|\bseid\b|\bled\b|\bkaschm\b|\bwoll\b|\bchiffon\b|\bpolyamid\b|\bpolyacryl\b|\bdenim\b|\bviskos\b|\belasthan\b|\bbaumwoll\b|\bpolyest\b)
411,(\bkevlar\b|\bmetal\b|\bpoly kunststoff\b|\bsantropren\b|\bgumm\b|\bbutylkautschuk\b|\bpassiv\b|\baktiv\b|\bcd dvd\b|\bcd\b|\bkundenspezifisch geschlossen\b|\bnicht geschlossen\b|\bweg koax\b|\bweg\b|\bweg\b|\bweg\b|\biso\b|\bdin\b|\bkomponenten system\b|\bkomponent\b|\bkoaxial\b|\bdvd ram\b|\busb\b|\bbass\b|\bmitteltön\b|\bhochtön\b|\bsubwoof\b|\blautsprech\b|\b3m\b|\baiv\b|\bhelix\b|\bpione\b|\bbeck\b|\bmac audio\b|\bcaraudio system\b|\baxion\b|\broadstar\b|\bhyund\b|\bmb quart\b|\bcalib\b|\bboss\b|\bmtx\b|\bxomax\b|\bjl audio\b|\bstilo\b|\bdom\b|\bmedion\b|\bviet\b|\bbull audio\b|\bgrundig\b|\bsoundstream\b|\brockwood\b|\b\b|\bphonocar\b|\blightning audio\b|\bimg stag lin\b|\besx\b|\bhertz\b|\bcougar\b|\blg\b|\bstk\b|\baeg\b|\bgladen\b|\brcf\b|\bdynavin\b|\blenco\b|\bfocal\b|\bhq\b|\bconnects2\b|\bfusion\b|\bmus\b|\bham\b|\bmagnat\b|\beton\b|\bcarpow\b|\bblaupunkt\b|\baudio system\b|\balpin\b|\bvolksw\b|\bgerman maestro\b|\bbeym\b|\bpeugeot\b|\bohm\b|\bjvc\b|\binterfac\b|\brockford fosgat\b|\bvisaton\b|\bacv\b|\brenault\b|\bparrot\b|\bclarion\b|\bsony\b|\baudi\b|\bacv electronic\b|\bkenwood\b|\bmonacor\b|\baun\b|\bautoradios\b|\bendstufen\b|\bauto monitor\b|\bautolautsprech und subwoof\b|\bauto hif zubehör\b)
412,(\bheimkino empfänger\b|\breceiv\b|\b7\$&1 kanal\b|\b5\$&1 kanal\b|\bcomposit video\b|\bvideo\b|\bkomponenten\b|\banalog audio\b|\busb drehscheiben\b|\btragbar drehscheiben\b|\bdirektantrieb\b|\baufnahmen drehscheiben\b|\briemenantrieb\b|\b\b|\b\b|\b\b|\bhalbautomatisch\b|\bautomatik\b|\bwma\b|\bmp3\b|\bdoppel cd plai\b|\bcd plai\b|\bplai\b|\bcd\b|\bcd rw\b|\bcd audio\b|\bcd\b|\brca audio kanäl\b|\banalog audio\b|\bkomponenten\b|\bdigital koaxial\b|\bdigital optisch\b|\bvideo\b|\bmultichannel analog audio\b|\bam tun anten\b|\bfm tun anten\b|\bcd plai\b|\bbluetooth\b|\bplattenspiel\b|\bmp3 input\b|\bdvd record\b|\bradioempfäng\b|\b3d kompatibilität\b|\bblu ray plai\b|\bdvd plai\b|\bohne subwoof\b|\bmit subwoof\b|\baux eingang\b|\bkopfhörerbuchs\b|\bmw ukw radio\b|\bkopfhörerausgang\b|\blin in buchs\b|\busb anschluss\b|\bbluetooth\b|\bweg\b|\bweg\b|\bweg\b|\bnickel\b|\bgold\b|\bwma\b|\bmp3\b|\beinzeln subwoof\b|\b6\$&1 system\b|\b2\$&0 system\b|\b5\$&1 system\b|\beinzeln lautsprech\b|\bjahr\b|\blebensdau\b|\bjahr\b|\bjahr\b|\bpassiv\b|\baktiv\b|\bstereo rca\b|\bxlr\b|\bdigital optisch toslink\b|\bbananenbuchs\b|\brohkabelbuchs\b|\bhdmi\b|\busb\b|\bcd audio\b|\bcd rw\b|\bcd\b|\bcd\b|\bohne ein aus schalt\b|\bdrahtlos\b|\bmit ein aus schalt\b|\bkabelgebunden\b|\bsatellitenlautsprech\b|\baussenlautsprech\b|\bregallautsprech\b|\bwand deckenlautsprech\b|\bstandlautsprech\b|\blautsprechersystem\b|\bdolby pro logic\b|\bdolby\b|\bthx\b|\bthx select\b|\bhaupt stereolautsprech\b|\bsubwoof\b|\bdt e\b|\bthx ultra\b|\bdt\b|\bdolby digital plus dd\b|\bdolby truehd\b|\bdt hd\b|\bdt e discret 6\$&1\b|\bdt\b|\bdolby digital\b|\bdvd vr\b|\bcd rom\b|\bdvd rom\b|\bdvd dual lai\b|\bdvd dual lai\b|\bblu ray\b|\bblu ray 3d\b|\bsacd\b|\bcd\b|\bcd rw\b|\bdvd\b|\bdvd\b|\bdvd rw\b|\bdvd rw\b|\bblu ray bd re\b|\bblu ray bd rom\b|\bdvd\b|\bblu ray bd\b|\bcd\b|\bprofessionel\b|\bendnutz\b|\bsilb\b|\bweiß\b|\bschwarz\b|\bmehrer mikrofontypen\b|\beinzeln mikrofontyp\b|\bmin xlr\b|\bxlrm polig\b|\bxlr polig\b|\busb 2\$&0\b|\bmm\b|\busb\b|\bxlr\b|\bplug in\b|\bfunk kabel\b|\bfunk\b|\bkabel\b|\bvideoaufnahmen\b|\bradio und fernsehen\b|\bmusikinstrument\b|\baufnahmen\b|\bleistung\b|\bstereo\b|\bmono\b|\bkompakt lautsprech\b|\baußenbereich\b|\bcenterlautsprech\b|\baktiv subwoof\b|\bstandlautsprech\b|\blautsprech system\b|\bhaupt stereolautsprech\b|\bsoundbar\b|\blautsprech\b|\bdynamisch\b|\bkondensator\b|\bdual\b|\bmajestic\b|\bkärcher\b|\bopus\b|\bsangean\b|\baudiovox\b|\bnad\b|\belectro voic\b|\baudio pro\b|\bohm\b|\bpanasonic\b|\bham\b|\bstanton\b|\bortofon\b|\bsd system\b|\btc helicon\b|\bzoom\b|\bdbtechnolog\b|\bcol\b|\bprodip\b|\bbosch\b|\bvisaton\b|\baudio\b|\badam\b|\bld system\b|\bthomann\b|\btyphoon\b|\bcomply\b|\bheco\b|\bgrundig\b|\bsamson technology\b|\bquadral\b|\baeg\b|\bskytec\b|\boneconcept\b|\bkod\b|\bnumark\b|\bion\b|\blenco\b|\bpione\b|\brycot\b|\b\b|\bavanton\b|\bmojav\b|\bapart\b|\bdynaudio\b|\blg\b|\broadstar\b|\bheil sound\b|\broi lab\b|\btelefunken\b|\bsoundman\b|\bbos\b|\bmarshall\b|\bphilip\b|\bolympus\b|\breloop\b|\bbraun\b|\bsirus\b|\bjamo\b|\bdynavox\b|\bdenv\b|\bonkyo\b|\blin\b|\bjbl\b|\bdenon\b|\bjz microphon\b|\bimg stag lin\b|\byamah\b|\bshur distribu\b|\bsontronic\b|\blewitt\b|\bjt\b|\bmxl\b|\bmagnat\b|\bsony\b|\bbeng\b|\bstudio project\b|\bcanton\b|\bschoep\b|\bsoundmast\b|\bse electronic\b|\bsamsung\b|\bsamson\b|\bcountryman\b|\baun\b|\bsuperlux\b|\bmonacor\b|\bimg stagelin\b|\baudix\b|\bbehring\b|\brod\b|\bbeyerdynamic\b|\boktav\b|\bld system\b|\bomnitronic\b|\bneumann\b|\baudio technic\b|\bakg\b|\bteufel\b|\bbon\b|\bshur\b|\bsennheis\b|\bequaliz\b|\breceiv\b|\bcd plai\b|\bplattenspiel\b|\baudio zubehör\b|\bheimkinosystem\b|\bverstärk und vorverstärk\b|\bstereoanl\b|\blautsprech und subwoof\b|\bmikrofon\b)
449,(\bglas\b|\bfol\b|\belektronisch\b|\blcd\b|\bjpeg\b|\bmpo\b|\bzoomobjektiv\b|\bweitwinkelobjektiv\b|\boptical steady shot with activ mod\b|\boptisch hybrid o\$&i\$&s\$&\b|\bno\b|\bja\b|\biee 802\$&11b\b|\biee 802\$&11g\b|\bfernbedienung\b|\bwasserdicht\b|\bpanoram schwenkkopf\b|\bkugelkopf\b|\bntsc pal\b|\bntsc\b|\bavchd\b|\bifram\b|\bdv\b|\beinbeinst\b|\bdreibeinst\b|\belektronisch\b|\blcd monitor\b|\boled\b|\bprofessionel\b|\bhelm action\b|\bstandard\b|\bcomposit\b|\bmikrofon\b|\bhdmi\b|\busb\b|\bmicro usb\b|\bkunststoff\b|\baluminium\b|\bled\b|\bpolyest\b|\btextil\b|\bnylon\b|\bmono\b|\bstereo\b|\bled\b|\bmetall\b|\bh\$&264\b|\bhigh definit\b|\bavchd\b|\bmjpeg\b|\bmotion jpeg\b|\b2160p\b|\b1440p\b|\b1080p\b|\bled\b|\bpolyest\b|\baluminium\b|\btextil\b|\bnylon\b|\beingebaut blitz\b|\bpop up blitz\b|\bfaltbar\b|\beingebaut\b|\bdrehbar\b|\bgopro hero4\b|\bsony hxr\b|\bveho muv\b|\bgopro hero3\b|\brollei actioncam\b|\bexmor ap hd cmos\b|\bliv mos\b|\bcmos\b|\bmemory stick pro hg duo\b|\bmemory stick pro duo mark2\b|\bmemory stick xc hg duo\b|\bmemory stick pro duo\b|\bmicrosdhc kart\b|\bmicrosd\b|\bsd memory card\b|\bsdxc memory card\b|\bsdhc speicherkart\b|\binfolithium\b|\bnb 6lh\b|\baaa\b|\blithium ion\b|\bmpo jpeg\b|\bdcf\b|\bdpof\b|\bexif 2\$&3\b|\braw bild\b|\braw\b|\bmpo\b|\braw jpeg\b|\bjpeg\b|\blowepro\b|\bfocus\b|\bcokin\b|\bham\b|\bsony\b|\b\b|\ble\b|\belinchrom\b|\bmanfrotto\b|\bzoom\b|\bikelit\b|\bcanon\b|\bfotg\b|\bgopro\b|\bolympus\b|\bcanon powershot\b|\brollei\b|\bsony alpha\b|\bpanasonic lumix\b|\bcanon eos\b|\bbridgekam\b|\bspiegellos systemkam\b|\bsystemkam\b|\bkompaktkam\b|\bdslr kam\b|\bmicrohdm\b|\bhdmi\b|\bmin hdmi\b|\busb\b|\bmemory stick pro duo\b|\bmicro sdhc\b|\bmicrosd kart\b|\bsdhc speicherkart\b|\bsdxc kart\b|\bsd memory card\b|\bsdxc memory card\b|\bsdhc card\b|\bsd kart\b|\borang\b|\bweiß\b|\bmehrfarbig\b|\brot\b|\bblau\b|\bschwarz\b|\bbraun\b|\bgrün\b|\bbeig\b|\bsilb\b|\bpink\b|\bgrau\b|\bgelb\b|\bschwarz\b|\bzubehör stativ\b|\bcamcord\b|\bkam\b|\bschutzhüll\b|\blicht\b|\bbatterien\b|\bau muschel\b|\bhalterung\b|\btasch\b|\bkabel\b|\bfernbedienung\b|\bunterwassergehäus\b|\bgriff\b|\bfilt\b|\bmikrofon\b|\bnetzteil\b|\badapt\b|\bakkuladegerät\b|\bkoff\b|\bladegerät\b|\bmanuel fokus\b|\bautofokus\b|\bautofokus manuel fokus\b|\bpentax\b|\bcanon eos\b|\bfujifilm\b|\bminolt\b|\bsony\b|\bsigm\b|\bsony\b|\bnikon\b|\bcanon ef\b|\bcanon ef\b|\bkonic minolt\b|\bpanasonic\b|\bnikon\b|\bsony\b|\bsigm\b|\btamron\b|\bcanon\b|\bcarl zeiss distagon\b|\bsony sel\b|\bpanasonic lumix\b|\bsony alpha\b|\bsigm art\b|\bsigm dc\b|\blensbaby edge\b|\bwalimex pro\b|\bsigm ex\b|\btamron vc\b|\bsony sal\b|\bsigm dg\b|\btamron sp\b|\bcanon\b|\btamron sp af\b|\bsigm af\b|\btamron af\b|\bcanon ef\b|\bcanon ef\b|\blen kit\b|\bzoom\b|\bportr\b|\bzoomobjektiv\b|\bhochwertig\b|\bbildstabilisierung\b|\bmakroobjekt\b|\bstandardobjekt\b|\bteleobjekt\b|\bweitwinkelobjekt\b|\bobjektiv\b|\bnissin\b|\bsamyang\b|\btamrac\b|\bpentax\b|\belinchrom\b|\bleic\b|\bsamsung\b|\bilford\b|\bmedion\b|\baiptek\b|\bstk\b|\btomtom\b|\bcasio\b|\bphilip\b|\bkonig\b|\blensbaby\b|\bolympus\b|\bjvc\b|\bfujifilm\b|\bkönig\b|\bpaton\b|\bdenv\b|\bsealif\b|\bpolaroid\b|\bveho\b|\bansmann\b|\bjay tech\b|\bmonacor\b|\bgarmin\b|\bsennheis\b|\beasypix\b|\bvelbon\b|\bwalimex\b|\bikelit\b|\bbilor\b|\bmanfrotto\b|\bsigm\b|\brollei\b|\bpanasonic\b|\btamron\b|\bsony\b|\bgopro\b|\bcanon\b|\bobjektivkonvert\b|\bfotoapparat\b|\bfilm für analogkam\b|\bblitzgerät\b|\bstativ\b|\bcamcord\b|\bdigitalkam\b|\bkameraobjekt\b|\bkamerazubehör\b|\bzubehör für camcord und digitalkam\b)
455,(\bh\$&264\b|\bh\$&323\b|\bbildanzeig\b|\bsozial netzwerken\b|\bwpa2\b|\bwpa\b|\bbluetooth hif adapt\b|\bmediaplai\b|\bssl\b|\bupnp\b|\bpo pow over ethernet 802\$&3af\b|\bfunk repeat modus\b|\bbit\b|\bbit =64 bit\b|\bdbi\b|\bdbi\b|\bdbi\b|\bdbi\b|\bhdmi\b|\bwlan\b|\bwif\b|\b4ghz\b|\b5ghz\b|\bserv gehäus\b|\bextend\b|\btelnet\b|\bsnmp\b|\bmib ii\b|\bmib\b|\bssh\b|\bsnmp\b|\bmbp\b|\bmbp\b|\bh\$&264\b|\bsip\b|\b802\$&11a\b|\b802\$&11g\b|\b802\$&11n\b|\b802\$&11b\b|\brtp\b|\bip\b|\bkabelmodem\b|\blte modem\b|\bvdsl2 modem\b|\badsl2 modem\b|\bintern adapt\b|\berweiterungskart\b|\bextern adapt\b|\bbit\b|\bbit =64 bit\b|\bbit\b|\bghz\b|\bghz\b|\bwep\b|\bwep bit\b|\bwep bit\b|\bwpa psk\b|\bwpa2 psk\b|\bae\b|\bwpa\b|\bpeap\b|\b802\$&1x\b|\bbit\b|\bbit\b|\b802\$&11b\b|\bfunk\b|\b802\$&11a\b|\b802\$&11n\b|\busb 2\$&0\b|\busb 3\$&0\b|\bpci express x8\b|\bpci express\b|\bethernet\b|\bhomeplug av\b|\busb\b|\busb\b|\busb\b|\busb\b|\bghz\b|\bghz\b|\bethernet rj\b|\busb\b|\bgigab ethernet\b|\bethernet\b|\bnetzwerk\b|\bja\b|\bnein\b|\bapple mac os 10\$&5\b|\bapple mac os 10\$&4\b|\bapple mac os 10\$&3\b|\bmicrosoft window vist x64\b|\bmicrosoft window\b|\bmicrosoft window\b|\bmicrosoft window xp\b|\bmicrosoft window vist\b|\bmicrosoft window\b|\bglasfas\b|\bstp\b|\bftp\b|\butp\b|\bsftp\b|\bdeutsch telekom\b|\btp link\b|\bnetgear\b|\bavm\b|\babnehmbar anten\b|\bextern anten\b|\bintern integriert anten\b|\bextern anten\b|\babnehmbar anten\b|\bon board\b|\bextern anten\b|\bintern integriert anten\b|\babnehmbar anten\b|\bipsec pass thru\b|\bpptp pass thru\b|\bl2tp pass thru\b|\bipsec\b|\bpptp\b|\bl2tp\b|\b100m\b|\brj for 802\$&3\b|\b1000m\b|\bover\b|\bbas\b|\b10bas 100bas tx 1000bas\b|\brj\b|\bbas\b|\b100m\b|\banalog\b|\bbas bas tx\b|\bisdn\b|\bspi stateful packet inspect\b|\bdos verhinderung\b|\burl filterung\b|\bnat\b|\bip filterung\b|\bmac adressenfilterung\b|\bpci express x1\b|\br\b|\bmin pci express\b|\bpci\b|\busb 1\$&0\b|\busb 3\$&0\b|\bethernet\b|\bpci express\b|\bhomeplug av\b|\busb 2\$&0\b|\bnein\b|\bja\b|\bextens\b|\bcoax\b|\busb\b|\banten\b|\bcrossov\b|\busb 2\$&0\b|\bduplex\b|\bpatch\b|\bnetzwerk\b|\bwep\b|\bwep bit\b|\bde\b|\bsim\b|\btkip\b|\bae\b|\b802\$&1x\b|\bwpa2\b|\bwpa psk\b|\bwpa2 psk\b|\bwep bit\b|\bwep bit\b|\bwpa\b|\bdsss\b|\bbpsk\b|\bqpsk\b|\bofdm\b|\bcck\b|\bdbpsk\b|\bdqpsk\b|\b16qam\b|\b64qam\b|\brca\b|\bpin\b|\bpow\b|\bpin\b|\bst\b|\busb\b|\bsma\b|\bdin\b|\bsc\b|\bpatch cabl\b|\brj\b|\blc\b|\bofdm\b|\bdsss\b|\bcck\b|\bdbpsk\b|\bbpsk\b|\bdqpsk\b|\b16qam\b|\bqpsk\b|\b64qam\b|\bcat\$&\b|\bcat\$&\b|\bcat\$& 5e\b|\bcat\$&\b|\brca\b|\bst\b|\busb\b|\bsma\b|\bdin\b|\bsc\b|\brj\b|\blc\b|\bpatchkabel\b|\baktivität\b|\bdmz\b|\bgeschwindigkeit\b|\bwlan wireless lan\b|\busb status\b|\bair\b|\bvoip\b|\bverbindung\b|\bstatus\b|\bbetrieb\b|\bwan\b|\bdsl\b|\bja\b|\bnein\b|\bbas\b|\b100m\b|\b100bas tx\b|\bbas\b|\bbas\b|\bbas\b|\budp\b|\bmppe\b|\bppp\b|\bx\$&21\b|\btcp\b|\bipv4\b|\bipsec\b|\bvoip\b|\bisdn\b|\bpptp\b|\bl2tp\b|\bpppo\b|\bdhcp\b|\bip\b|\bmontageblech\b|\badapt\b|\bextend\b|\bkabel\b|\bverkabelt\b|\bfunk\b|\bverkabelt funk\b|\biee 802\$&1\b|\biee 802\$&1p\b|\biee 802\$&1x\b|\biee 802\$&11a\b|\biee 802\$&11g\b|\biee 802\$&11g\b|\biee 802\$&11b\b|\biee 802\$&11n\b|\bsim\b|\btkip\b|\bae\b|\bwpa enterpris\b|\bwireless mac adressenfilterung\b|\bwpa2 enterpris\b|\bwep bit\b|\bwep\b|\bwpa2 psk\b|\bwep bit\b|\bwep bit\b|\bwpa psk\b|\bwpa\b|\bwpa2\b|\bofdm\b|\bcck\b|\bqpsk\b|\bbpsk\b|\bdbpsk\b|\bdqpsk\b|\b16qam\b|\b64qam\b|\bdsss\b|\bonkyo\b|\bzyxel commun\b|\bcentral music company\b|\baastr\b|\b\b|\brittal\b|\bfunkwerk\b|\bwirewin\b|\bgoldkabel\b|\bassmann\b|\bsamsung\b|\bcabl to go\b|\befb elektronik\b|\bauerswald\b|\bge\b|\bdig\b|\baxis\b|\bsupermicro\b|\bwortmann\b|\bvist\b|\bamp\b|\bicy box\b|\bridgid\b|\bgir\b|\bbuffalo\b|\bgoobay\b|\boptom\b|\binfocus\b|\bpurelink\b|\bmotorol\b|\beminent\b|\byamah\b|\bamerry\b|\bgateway\b|\bhitach\b|\bmobotix\b|\bcorning\b|\bcabston\b|\bsomm cabl\b|\brolin\b|\bcool mast\b|\bsynology\b|\bmobil\b|\bkerpen\b|\bsynergy\b|\blancom system\b|\bcanon\b|\bgrandstream\b|\bdel\b|\btechnisat\b|\bstartech\$&com\b|\bsonos\b|\bfirebox\b|\bsnom\b|\bpatchse\b|\bham\b|\bbtr\b|\bcom\b|\bdataflex\b|\baten\b|\bgrau\b|\bsiemen\b|\bamazon\b|\bbelkin\b|\bdenon\b|\bcross\b|\biban\b|\bdoepf\b|\bqnap system\b|\bsecomp\b|\bpolycom\b|\bdrak\b|\bestos\b|\ballnet\b|\btend\b|\bblau\b|\bmerten\b|\bepson\b|\btrendnet\b|\bacer\b|\bbrennenstuhl\b|\bsonicwall\b|\bbintec\b|\bintel\b|\bmin\b|\blenovo\b|\bblackmagic design\b|\bdelock\b|\bapple\b|\bjung\b|\btiptel\b|\bdigitus\b|\biso\b|\bdeutsch telekom\b|\b3m\b|\bzyxel\b|\bcordial\b|\bintellinet\b|\bhp\b|\btelegaertn\b|\bhuawei\b|\bpowerlin\b|\bpoint\b|\bbroth\b|\bcisco\b|\bdraytek\b|\bmarmitek\b|\bedimax\b|\bubiquit\b|\binterfac\b|\bpro snak\b|\bnetgear\b|\bdevolo\b|\blinksy\b|\basus\b|\blink\b|\btp link\b|\bavm\b|\bbrücken\b|\bsonstig netzwerkgerät\b|\bsend empfangsgerät\b|\bfirewall\b|\berweiterungsmodul\b|\bstream\b|\bip telefon\b|\bseriel adapt\b|\brepeat\b|\bnetzwerkadapt\b|\bwlan antennen\b|\bfunkzugangspunkt\b|\bnetzwerkzubehör\b|\bnetzwerkkabel\b|\brout\b|\bhub und switch\b)
456,(\b\b|\b\b|\bzwei daumentasten\b|\busb 2\$&0\b|\bschwarz\b|\borang\b|\btrackball\b|\bprogrammierbar keypad\b|\bmechanisch\b|\busb 3\$&0\b|\bergonomisch design\b|\bergonomisch\b|\busb\b|\bakku mit lang lebensdau\b|\boptisch\b|\bblau\b|\bweiß\b|\bdual sensor\b|\blas\b|\benergiesparschalt\b|\bfernbedienung\b|\btilt rad\b|\brechtshändig bedienung maus\b|\bnavigationsrad\b|\bmechanisch\b|\bbeleuchtet\b|\btransporttasch\b|\blink und rechtshändig bedienung maus\b|\bprogrammierbar tasten\b|\bergonomisch tastaturlayout\b|\beinstellbar dpi\b|\b\b|\b\b|\b\b|\b\b|\b\b|\bvor zurücktast für internet\b|\b\b|\b\b|\b\b|\b\b|\b\b|\b\b|\b\b|\b\b|\b\b|\b\b|\b\b|\b\b|\b\b|\b\b|\b\b|\b\b|\bazerty\b|\bqwerty\b|\bqwertz standard\b|\btasten scrollrad\b|\btasten scrollrad\b|\btast\b|\btasten\b|\btasten\b|\btasten scrollrad\b|\btasten scrollrad\b|\bscrollräd\b|\btasten\b|\btasten\b|\btasten scrollrad\b|\btasten\b|\btasten scrollrad\b|\btasten scrollrad\b|\btasten\b|\btasten\b|\btasten\b|\btasten\b|\btasten\b|\btasten scrollrad\b|\btasten scrollrad\b|\btasten scrollrad\b|\btasten scrollrad\b|\binfrarot\b|\bbluetrack technology\b|\b2\$&4 ghz\b|\brf\b|\bbluetooth\b|\bp maus\b|\binfrarot\b|\brf\b|\bp tastatur\b|\bdock\b|\bp\b|\busb tastatur\b|\busb\b|\busb maus\b|\bbluetooth\b|\bwireless wired\b|\bkabel\b|\bfunk\b|\bkabellos\b|\bkabelgebunden\b|\bmin maus\b|\btrackball\b|\btrackpad\b|\btouchpad\b|\b3d maus\b|\bfernbedienung\b|\bergonomisch\b|\bmin\b|\bgaming maus\b|\bgaming\b|\bunix\b|\bsmartphon\b|\btablet\b|\bmac\b|\bpc\b|\bziffernblock\b|\btastatur\b|\bapple ios\b|\bwindow rt\b|\bmicrosoft window xp hom edit\b|\bmicrosoft window xp professional\b|\bmicrosoft window xp medi cent edit\b|\bmicrosoft window xp tablet pc edit\b|\bapple macos 10\$&4\b|\bmicrosoft window xp professional x64\b|\bmicrosoft window nt\b|\bmicrosoft window\b|\bmicrosoft window se\b|\bapple macos 10\$&6\b|\bapple macos 10\$&6\$&8\b|\bchrom os\b|\bapple macos 10\$&3\b|\bapple macos 10\$&2\b|\bapple macos\b|\bmicrosoft window\b|\bmicrosoft window millennium edit\b|\bapple mac os 10\$&4\b|\bapple macos 10\$&5\b|\blinux\b|\bapple macos\b|\bmicrosoft window\b|\bandroid\b|\bmicrosoft window\b|\bmicrosoft window\b|\bmicrosoft window xp\b|\bmicrosoft window vist\b|\bmicrosoft window\b|\bbraun\b|\bgold\b|\blil\b|\bgelb\b|\bpink\b|\bbeig\b|\bgrün\b|\brot\b|\bsilb\b|\bblau\b|\bgrau\b|\bweiß\b|\bschwarz\b|\bmultimedi systemsteuerung\b|\b3d mous\b|\bwireless present\b|\btrackpoint\b|\bprogrammierbar keypad\b|\btastatur und trackball\b|\btastenfeld\b|\bfunk tastatur mit touchpad\b|\btouchpad\b|\bfernbedienung\b|\btrackpad\b|\btastatur mit touchpad\b|\bfunk tastatur und maus\b|\btrackball\b|\bfunk tastatur\b|\bfunk maus\b|\btastatur und maus\b|\btastatur\b|\bmaus\b|\bgrundig\b|\bintermec\b|\bdel\b|\bavid\b|\bphilip\b|\bi\$&r\$&i\$&s\$&\b|\bcreek\b|\bmionix\b|\btyphoon\b|\bbelkin\b|\bperixx\b|\bfantec\b|\bcisco\b|\bcelluon\b|\bbmw\b|\bseal shield\b|\btoshib\b|\bgericom\b|\bquint\b|\bcub\b|\btp link\b|\bsony\b|\blg\b|\blink\b|\bsweex\b|\banker\b|\bmaxpoint\b|\bprestig applianc\b|\bpenclic\b|\bius\b|\bconceptronic\b|\bcontour design\b|\bgoldtouch\b|\blivescrib\b|\bmotion\b|\bcompaq\b|\bsaitek\b|\bnetgear\b|\bdas\b|\btesoro\b|\bibm\b|\bnacon\b|\bbakk elkhuizen\b|\bkanex\b|\b3dconnexion\b|\bapple\b|\btargus\b|\bcsl\b|\bepson\b|\bgembird\b|\bultron\b|\ba4tech\b|\bdelux\b|\btechnaxx\b|\btrust\b|\bfujitsu\b|\bget\b|\bham\b|\btechnisat\b|\broccat\b|\bm tech\b|\baixcas\b|\benermax\b|\bsilvercrest\b|\bthermaltak\b|\bmad catz\b|\bacer\b|\bgigabyt\b|\bhp\b|\bsamsung\b|\bevoluent\b|\bv7\b|\bqpad\b|\blogickeyboard\b|\bkeysonic\b|\bepicgear\b|\bcool mast\b|\bcm storm\b|\btt esport\b|\basus\b|\bspeedlink\b|\bkensington\b|\bsharkoon\b|\bwacom\b|\bcorsair\b|\bsteelser\b|\brapoo\b|\braz\b|\bcherry electrical\b|\blenovo\b|\bbloody\b|\bmicrosoft\b|\blogitech\b|\bgamecontroll\b|\bgrafik tablet\b|\bwebcam\b|\btastaturen und mäus\b)
462,(\bcd rw\b|\bcd\b|\bmin\b|\bmin\b|\bintern\b|\bextern\b|\bcd rom\b|\bdvd ram\b|\bdvd rom\b|\bdvd rw\b|\blüfter\b|\bintern\b|\bprozessor\b|\bextern\b|\blaptop\b|\bworkstat\b|\bserv\b|\bextern\b|\bintern\b|\bmm\b|\bzoll\b|\blto\b|\bultrium\b|\blto ultrium\b|\bmac\b|\bpc\b|\blinux\b|\bmac\b|\bpc\b|\biscsi\b|\busb 2\$&0\b|\busb 3\$&0\b|\bsmb\b|\bgigab ethernet\b|\b4g\b|\busb 3\$&0\b|\busb 2\$&0\b|\bsat\b|\braid\b|\bjbod\b|\braid\b|\braid\b|\braid\b|\braid\b|\braid\b|\braid\b|\bide controll\b|\braid controll\b|\bata controll\b|\busb 2\$&0 controll\b|\bseriel ata controll\b|\bdesktop comput\b|\bserv\b|\bblu ray bd re\b|\bcd rom\b|\bdvd ram\b|\bdvd rom\b|\bdvd rw\b|\bdvd±rw\b|\bblu ray\b|\bmsat intern ssd\b|\bdesktop extern festplatt\b|\bextern ssd\b|\bfestplattenarray\b|\bnetzwerkfestplatt\b|\bcd dvd jewel cas\b|\bdvd hüllen\b|\bspeichermedien\b|\bpci\b|\busb\b|\bisa\b|\bpci express 1x\b|\busb\b|\bpci\b|\besat\b|\bsas\b|\blan\b|\busb 2\$&0\b|\busb 3\$&0\b|\busb 2\$&0\b|\blan\b|\busb 3\$&0\b|\busb 2\$&0\b|\busb 3\$&0\b|\busb 3\$&0\b|\blan\b|\busb 2\$&0\b|\bhot swap\b|\bhybrid hdd ssd\b|\bmomentus\b|\bmy book\b|\bexpans\b|\bbarracud\b|\bmy passport\b|\bzoll ultra slim lin\b|\bzoll low profil\b|\b6cm zoll\b|\bzoll\b|\bzoll\b|\b\b|\bmsat\b|\bm\$&2\b|\b9cm zoll\b|\b3cm zoll\b|\blinux\b|\bserv\b|\bmac\b|\bpc\b|\bnas network attached storag\b|\bpersonal hard driv\b|\bsshd solid stat hybrid driv\b|\btragbar\b|\bssd solid stat driv\b|\bhdd hard disk driv\b|\bplug in modul\b|\bintern\b|\bextern\b|\bschwarz weiß\b|\blil\b|\borang\b|\bgelb\b|\bgrün\b|\bgrau\b|\bgold\b|\bschwarz silb\b|\brot\b|\bweiß\b|\bblau\b|\bsilb\b|\bschwarz\b|\bfirewir\b|\bgigab ethernet\b|\bmin sat\b|\bfibr channel\b|\bmin pci sat\b|\bzif\b|\bdma ata ultra\b|\bata atap\b|\bata\b|\bata\b|\bfirewir\b|\besat\b|\bwif\b|\bsat ssd\b|\bgb sas\b|\bsas\b|\bmsat\b|\busb 1\$&0 1\$&1\b|\bthunderbolt\b|\bsat ii\b|\bsat\b|\bsat\b|\bsat\b|\busb 2\$&0\b|\bsat iii\b|\bgb sat\b|\bsas\b|\busb 3\$&0\b|\bdiskettenlaufwerk\b|\bzip und sonstig laufwerk\b|\bbandlaufwerk\b|\bcd dvd und blu ray bren\b|\baufnahm und speichermedien\b|\bspeich controll\b|\blaufwerksgehäus\b|\bnetzwerkspeich\b|\bfestplatten\b|\bdigittrad\b|\babus\b|\bnetapp\b|\bemc\b|\bconnect\b|\bmicrochip\b|\basustor\b|\binfortrend\b|\bdigitus\b|\binterfac\b|\boverland storag\b|\baoc\b|\bmsa\b|\bicy dock\b|\bcisco\b|\bchenbro\b|\bactidat\b|\bchieftec\b|\basrock\b|\bmedion\b|\b\b|\bms\$& tech\b|\bcaptiv\b|\bsk\b|\bparallel\b|\bliteon\b|\bzyxel\b|\bbag\b|\bdurabl\b|\bingram\b|\bsennheis\b|\bgrafenthal\b|\bsgl\b|\bimat\b|\ballnet\b|\brackmount\b|\bprofil\b|\bacer\b|\bherm\b|\bgbc\b|\blink\b|\bapple\b|\bhitach\b|\btandberg dat\b|\bsas\b|\bapc\b|\bpione\b|\blian li\b|\bapoge\b|\bwd\b|\blsi\b|\bcorsair\b|\bmaxtor\b|\bham\b|\bsedn\b|\bkabel\b|\bhewlet packard\b|\bmin\b|\bfellow\b|\bnetgear\b|\braidsonic\b|\badaptec\b|\btrekstor\b|\bsigel\b|\btechnology\b|\bmushkin\b|\bsharkoon\b|\basus\b|\blg\b|\bbuffalo technology\b|\bstartech\$&com\b|\bcrucial\b|\bowc\b|\bmediarang\b|\bthecus\b|\bsat\b|\bibm\b|\bdelock\b|\bicydock\b|\badat\b|\blac\b|\bbuffalo\b|\bintel\b|\bocz\b|\bicy box\b|\bsony\b|\bkingston\b|\bsilicon pow\b|\bhgst\b|\bfujitsu\b|\bsandisk\b|\blenovo\b|\bfreecom\b|\bdel\b|\btranscend\b|\bverbatim\b|\bsynology\b|\bsamsung\b|\bhp\b|\bqnap\b|\btoshib\b|\bseagat\b|\bintenso\b|\bwestern digital\b)
85721,(\bmacbook pro\b|\bmacbook air\b|\bhz\b|\bhz\b|\bmicrosdxc\b|\bmicrosdhc\b|\bmicro sd\b|\bbluetooth\b|\bfast ethernet\b|\bgigab ethernet\b|\biee 802\$&11a\b|\biee 802\$&11b\b|\biee 802\$&11g\b|\biee 802\$&11n\b|\brj netzwerk\b|\bhdmi\b|\bvga ausgang\b|\busb 3\$&0\b|\bfirewir\b|\bthunderbolt port\b|\biee 1394b firewir\b|\blithium polym\b|\bwiederaufladbar lithium polym batter\b|\bfingerabdruck resistent\b|\bmult touch\b|\btow\b|\brackmontag\b|\btouchpad\b|\bkam\b|\b4x\b|\b1x\b|\btow\b|\ball in one\b|\bamd radeon r7 260x\b|\bamd radeon r7\b|\bamd radeon r7\b|\bintel hd graphic\b|\bamd radeon hd\b|\blautsprech\b|\bspeak\b|\bintegriert dual netzwerkkart\b|\bintegriert wireless lan\b|\b4g\b|\b3g\b|\bbluetooth\b|\bled\b|\btft activ matrix\b|\bip\b|\bled backl mult touch with ip\b|\bretin display\b|\bintel\b|\bintel\b|\bkam\b|\btouchscreen\b|\b\b|\b\b|\b\b|\bsub\b|\bvideo\b|\bvga\b|\bdvi\b|\bethernet\b|\bdisplayport\b|\b2x dvd\b|\b4x\b|\b1x dvd\b|\bdesktop\b|\bdediziert grafik\b|\bedge\b|\b4g\b|\bohne vertrag\b|\btragbar\b|\bintegriert grafik\b|\bnicht zutreffend\b|\bmm\b|\broll cm\b|\broll cm\b|\broll cm\b|\bdin a3 mm\b|\bdin a3 plus mm\b|\bmm\b|\broll cm\b|\broll cm\b|\bdin a4 mm\b|\bpc\b|\bmac\b|\bmm filmstreifen\b|\bgestapelt folien\b|\bnegativfilm\b|\bpositivfilm\b|\bfarbfilm\b|\bmonochromfilm\b|\bwlan cellular\b|\bwlan 4g\b|\bwlan 3g\b|\b3g\b|\b4g\b|\bwlan\b|\bfunknetzwerkadapt optional\b|\b10bas\b|\b10baset\b|\beio steckplatz\b|\b100baset\b|\bnetzwerkadapt optional\b|\bnetzwerkadapt\b|\bdruckserv optional\b|\bfunknetzwerkadapt\b|\bbit\b|\bbit\b|\bbit\b|\bscan\b|\bstart\b|\bmail\b|\babbrechen\b|\bpdf\b|\bscannen\b|\bkopieren\b|\bwlan 802\$&11ac\b|\blte\b|\bbluetooth\b|\beingebaut drahtlos netzverbindung\b|\bzwei‑kanal 4 ghz und 5 ghz und mimo\b|\bwlan 802\$&11n\b|\bfax\b|\bkopier\b|\bscann\b|\bkopier\b|\bfax\b|\bscann\b|\blin in\b|\bstereo klinkensteck\b|\beingebaut mikrofon\b|\bminiklink 3\$&5 mm\b|\bmikrofon\b|\bquad cor\b|\bbit\b|\bbit\b|\bdual cor\b|\bumt\b|\bcdma\b|\bhsdpa\b|\bgsm\b|\bx\$&21\b|\blte\b|\b3g\b|\biee 802\$&11b\b|\biee 802\$&11a\b|\biee 802\$&11g\b|\biee 802\$&11n\b|\b4g\b|\bedge\b|\bbluetooth\b|\b\b|\b\b|\b\b|\b\b|\b\b|\bcmos\b|\bcis\b|\bcmos cis\b|\bcontact imag sensor cis\b|\bled\b|\bccd\b|\bgrau\b|\bgelb\b|\bblau\b|\bpink\b|\bgold\b|\bweiß\b|\bschwarz\b|\bsilb\b|\b3840x2160\b|\b2560x1440\b|\b1280x1024\b|\b1920x1200\b|\b1920x1080\b|\busb\b|\bsub r 232c\b|\bdvi\b|\bhdmi\b|\busb 3\$&0\b|\bwi fi\b|\busb\b|\busb 2\$&0\b|\ba6x\b|\bcor quad\b|\bapple a5\b|\bapple a7\b|\bdual cor\b|\batom\b|\biee ecp epp\b|\bfast ethernet\b|\bbluetooth\b|\b4g\b|\bsmb\b|\bhipp\b|\bgigab ethernet\b|\bparallel\b|\bethernet\b|\bhi speed usb\b|\bplain pap normalpapi\b|\bpositiv und negativ\b|\bnormalpapi\b|\bfotopapi\b|\binkjet papi\b|\b3d objekt\b|\bkarten\b|\betiketten\b|\bbann\b|\btransferpapi zum aufbügeln\b|\bbriefumschläg\b|\bmm film\b|\bnegat\b|\bfilm\b|\bmm folien\b|\bnovel netwar\b|\bibm\b|\bsun\b|\bunix\b|\blinux\b|\bmac\b|\bpc\b|\bebook read\b|\btablet\b|\bandroid\b|\bmac\b|\bpc\b|\bdpi\b|\bdpi\b|\bdpi\b|\bdpi\b|\bdpi\b|\bdpi\b|\bdpi\b|\bdpi\b|\bdpi\b|\blg flatron\b|\baoc valu\b|\bnec multisync\b|\basus mx\b|\blenovo thinkvis\b|\bphilip lin\b|\bneovo\b|\biiyam prolit\b|\bultrawid\b|\basus ve\b|\bultrasharp\b|\basus vx\b|\bnec lcd\b|\bhp elitedisplay\b|\bhp dreamcolor\b|\basus rog swift\b|\basus v\b|\bacer\b|\bsyncmast\b|\beizo for\b|\bhp\b|\bcoloredg\b|\beizo flexscan\b|\bwindow\b|\bios\b|\bandroid\b|\bwindow\b|\bmarvel\b|\bqualcomm\b|\barm\b|\ballwinn\b|\bsamsung\b|\bhuawei\b|\bapple\b|\bintel\b|\bnetbook\b|\bchromebook\b|\bin convertibl\b|\bnotebook laptop\b|\bultrabook\b|\bja\b|\bnvidi\b|\b\b|\bamd\b|\bapple macos\b|\bapple macos 10\$&2\b|\bapple macos 10\$&3\$&6\b|\bapple macos serv 10\$&2\b|\bapple macos 10\$&2\$&1\b|\bapple macos 10\$&2 9\$&2\b|\bapple macos serv 10\$&1\$&5\b|\bmicrosoft window pro\b|\bmicrosoft window xp\b|\bmicrosoft window xp medi cent edit\b|\bapple macos 10\$&4\b|\bapple macos\b|\bmicrosoft window vist\b|\bmicrosoft window\b|\bmicrosoft window xp professional\b|\bmicrosoft window xp hom\b|\bmicrosoft window xp pro x64\b|\bapple macos 10\$&x\b|\bapple macos 10\$&3\b|\bmicrosoft window\b|\btn lcd\b|\blcd\b|\bip lcd\b|\btft\b|\blcd tft\b|\bled lcd\b|\bpredator\b|\bsurfac book\b|\bessential\b|\bchromebook\b|\bspectr pro\b|\bspectr\b|\bzbook\b|\byog\b|\bthermopapi auf roll\b|\bpapierroll\b|\bpostkart\b|\bbann\b|\brollenetiketten\b|\bpostkarten\b|\bkarten\b|\bindexkarten\b|\bfotos\b|\bcd dvd etiketten\b|\bdi cut\b|\bpapierrollen\b|\bendlosformular\b|\btransparentfol\b|\btext\b|\bnormalpapi\b|\bbriefumschläg\b|\betiketten\b|\bthinkstat\b|\belitedesk\b|\bpavilion\b|\benvy\b|\bzbox\b|\belit\b|\bworkstat\b|\bideacentr\b|\bthinkcentr\b|\bpredator\b|\bprodesk\b|\baspir\b|\bpro\b|\bweiß\b|\btransparent\b|\bschwarz und silb\b|\bweiss\b|\bsilb\b|\bglossy black\b|\bgrau\b|\bschwarz\b|\bgeljet\b|\bled\b|\blas\b|\btintenstrahl\b|\bmp3\b|\bogg\b|\bwav\b|\bflac\b|\baac\b|\b3gp\b|\bape\b|\basf\b|\brmvb\b|\b\$&ic\b|\bhtml\b|\brtf\b|\bdoc\b|\bpdf\b|\btxt\b|\bdocx\b|\bxl\b|\bxlsx\b|\bvcf\b|\bpptx\b|\bppt\b|\bpag\b|\bnumber\b|\bhtm\b|\bjpg\b|\btiff\b|\bgif\b|\baudibl format\b|\baax\b|\baudibl format\b|\baudibl format\b|\bjpeg\b|\baudibl\b|\bm4v\b|\bmp3 vbr\b|\bprotected aac\b|\bhe aac\b|\bapple lossless\b|\bzip\b|\bmp4\b|\bt\b|\btragbar\b|\bhandheld\b|\bpoint of sal pos\b|\bstationär\b|\bdesktop\b|\btragbar kompakt scann\b|\bfoto folien filmscann\b|\boverhead scann\b|\bfoto scann\b|\bnetzwerkscann\b|\bdi filmscann\b|\bdiascann\b|\bfotoscann\b|\bflachbettscann\b|\bdokumentenscann\b|\bschwarz weiß\b|\bschwarzweiß und farb\b|\bschwarzweiß\b|\bfarb\b|\bbunt\b|\bgelb\b|\bdunkelgrau\b|\bhellgrau\b|\brot\b|\bgrau schwarz\b|\bsilb\b|\bweiss\b|\bgrau\b|\bschwarz\b|\bamd\b|\bintel\b|\bled druck\b|\bsublimationsdruck\b|\bsonstig\b|\bmatrixdruck\b|\bthermodruck\b|\btintenstrahldruck\b|\blaserdruck\b|\bkartendruck\b|\bmobil fotodruck\b|\bmobil druck\b|\bpos druck\b|\b3d druck\b|\bgroßformatdruck\b|\bnadeldruck\b|\bfotodruck\b|\bfür privatanwend\b|\bfür unternehmen\b|\barbeitsgruppedruck\b|\betikettendruck\b|\bmultifunktionsgerät\b|\bthermo direkt\b|\bthermal\b|\bdirekt thermisch thermisch übertragung\b|\bfarbtintenstrahldruck bubbl jet\b|\bthermo transf\b|\belektrofotografisch las\b|\bthermotintentstrahl\b|\bpunktmatrix\b|\binkjet\b|\bled\b|\bfarb laserdruck\b|\btintenstrahl\b|\blas\b|\bbas\b|\bkabel\b|\bfirewir\b|\bbas tx\b|\bfunk\b|\bfax rj\b|\bbluetooth\b|\bpictbridg\b|\beio\b|\bnfc\b|\bparallel iee\b|\bbas\b|\bseriel\b|\bserial r\b|\bbidirectional parallel\b|\bcard slot\b|\busb 1\$&0 1\$&1\b|\bethernet\b|\busb\b|\bwi fi\b|\b100basetx\b|\busb 2\$&0\b|\bnvidi quadro k3100m\b|\bintel iris pro graphic\b|\bintel hd graphic\b|\bamd radeon r6\b|\bintel hd graphic\b|\bamd radeon r4\b|\bamd radeon r5 m330\b|\bamd radeon r2\b|\bamd radeon r7 m360\b|\bamd radeon r5\b|\bintel hd graphic\b|\bintel hd\b|\bdos\b|\bwindow\b|\bchrom os\b|\bwindow hom bit\b|\bwindow professional bit\b|\bwindow 8\$&1 bit\b|\bwindow\b|\bgoogl chrom\b|\bwindow professional\b|\bwindow\b|\bwindow 8\$&1\b|\blinux\b|\bfreedos\b|\bohne\b|\bwindow\b|\bwindow\b|\bwindow\b|\bdel xp\b|\bdel precis\b|\bdel latitud\b|\bintel uma\b|\btoshib satellit pro\b|\bmsi cr\b|\basus\b|\basus\b|\bmedion eraz\b|\basus\b|\bsamsung\b|\basus\b|\basus vx\b|\basus\b|\bacer extens\b|\basus\b|\bhp envy\b|\blenovo ideapad\b|\bmedion akoi\b|\bhp pavilion\b|\bacer travelmat\b|\basus zenbook\b|\basus\b|\bhp elitebook\b|\bmsi gt\b|\bfujitsu lifebook\b|\bmsi gaming\b|\bhp probook\b|\basus\b|\bintel hd\b|\blenovo thinkpad\b|\bacer aspir\b|\bbarebon system\b|\bmac system\b|\bbarcodescann\b|\bmac notebook\b|\bserv\b|\btablet und book read\b|\bscann\b|\bmonitor\b|\bpc system\b|\bdruck\b|\bnotebook\b|\bklarstein\b|\bhifonic\b|\bshuttl\b|\bseiko\b|\bag neovo\b|\bmotorol\b|\btarox\b|\biiyam\b|\bsony\b|\bxiaom\b|\bonda\b|\bhisens\b|\bhoneywel\b|\bavis\b|\bico\b|\bterratec\b|\blexmark\b|\btoshib\b|\barchos\b|\basrock\b|\bgigabyt\b|\bpanasonic\b|\bmicrotek\b|\bchuw\b|\bteclast\b|\bnec\b|\bcaptiv\b|\beasypix\b|\blink\b|\bamd\b|\bmicrosoft\b|\bzotac\b|\bhuawei\b|\bdatalogic\b|\bkodak\b|\bphilip\b|\bhyrican\b|\baoc\b|\bpiranh\b|\bplustek\b|\b3d system\b|\bdel\b|\bzebr\b|\bricoh\b|\bapple\b|\bvcm\b|\breflect\b|\bdymo\b|\bxerox\b|\bbenq\b|\bmedion\b|\blg\b|\beizo\b|\bschenk\b|\bintel\b|\boki dat\b|\bcanon\b|\bkyoc\b|\bfujitsu\b|\bsamsung\b|\bbroth\b|\bmsi\b|\bepson\b|\bcsl\b|\bacer\b|\basus\b|\blenovo\b|\bhp\b)
85745,(\bintern speicherkart\b|\bintern\b|\blithium akku\b|\baaa\b|\bzufallswiedergab\b|\balle titel wiederholen\b|\bprogramm\b|\bdigital\b|\banalog\b|\blautsprech\b|\bdigital\b|\bkopfhöreranschluss\b|\bdigitaltun\b|\bxlr\b|\busb\b|\bnachtlicht\b|\bprojekt\b|\bfür htc\b|\buniversal\b|\bfür sony\b|\bfür lg\b|\bfür apple\b|\bfür xiaom\b|\beingebaut speich\b|\bsd\b|\bwlan\b|\busb\b|\bbluetooth\b|\busb 2\$&0\b|\bfm\b|\bdab\b|\bmit ein aus schalt\b|\bohne ein aus schalt\b|\bbraun\b|\bweiß\b|\borang\b|\bgrün\b|\bblau\b|\bschwarz\b|\bcd audio\b|\bcd rw\b|\bcd\b|\bnormal kondensator\b|\bam kabel\b|\bdynamisch\b|\bgal mikrofon\b|\bam bügel\b|\bintegriert\b|\bmm buchs\b|\bmm\b|\bmicro usb\b|\bmm buchs\b|\busb\b|\bkabelgebunden\b|\bkabellos\b|\bover ear\b|\bgeschlossen ohrumschließend\b|\bohrkanalhör\b|\bohrhörer\b|\bgeschlossen ohraufl\b|\blil\b|\bgrün\b|\brot\b|\bgrau\b|\bsilb\b|\bmac\b|\bweiß\b|\bsony playstat vit\b|\bschwarz\b|\bmicrosoft xbox\b|\bsony playstat\b|\bsony playstat\b|\bpc\b|\bhandheld\b|\bnur im ohr\b|\bnackenbügel\b|\bkopfbügel\b|\bohrbügel\b|\bmpeg\b|\bwma drm\b|\bogg vorb\b|\bflac\b|\baudibl\b|\bdt\b|\bwav\b|\bwma\b|\bmp3\b|\bkassettendeck\b|\bradio tun\b|\bcd plai\b|\b2\$&1\b|\b4\$&1\b|\b1\$&0\b|\b2\$&0\b|\b4\$&0\b|\b3\$&0\b|\baux eingang\b|\bbluetooth\b|\busb\b|\bunterbauradio\b|\btaschenradio\b|\btragbar radio\b|\binternet radio\b|\beinohr\b|\bzweiohr\b|\bmp3 cd wiedergab\b|\bipod dock\b|\baux eingang\b|\bcd wiedergab\b|\bcd rw wiedergab\b|\busb anschluss\b|\bradio\b|\bohrkanalhöhr\b|\bohrhörer\b|\bohrmuschel über dem ohr\b|\bgeschlossen ohrumschließend\b|\beingebaut mikrofon\b|\bhd voic\b|\bwiedergabesteuerun\b|\bsurround sound\b|\bwiederaufladbar\b|\bmusikwiedergab\b|\bstummschaltung\b|\bfaltbar\b|\bbluetooth wireless\b|\blautstärkeregl\b|\bmikrofon\b|\banruffunktionen\b|\bghz hochfrequenz\b|\bdect\b|\bnfc\b|\bnicht zutreffend\b|\bbluetooth\b|\bkabel bedienel\b|\bsteuerelement für di wiedergab\b|\bdrehen ohrmuscheln\b|\brauschunterdrückung\b|\blärm reduzierung\b|\blautstärkeregl\b|\bfaltbar\b|\bgeschlossen rücken\b|\boffen rückseit\b|\blösbar verbindung\b|\bsurround sound\b|\babziehbar kabel\b|\bmikrofon\b|\bfaltbar\b|\bgeräuschunterdrückung\b|\bgeschlossen rückseit\b|\bverstellbar bügel\b|\boffen rücken\b|\baustauschbar ohrpolst\b|\bohrbedeckend\b|\bnackenbügel\b|\bohrbügel\b|\bohrhörer\b|\bin ear kopfhör\b|\bkopfbügel\b|\bklar\b|\borang\b|\bbraun\b|\bbeig\b|\bgelb\b|\bgrün\b|\bgold\b|\bsilb\b|\brot\b|\bblau\b|\bgrau\b|\bweiß\b|\bmehrfarbig\b|\bschwarz\b|\bmobil cellular\b|\bsportlich aktivitäten\b|\bheim audio hif\b|\btragbar audio\b|\bradio und fernsehen\b|\bfernsehen\b|\bgaming\b|\bsport\b|\bstudio musik\b|\baudio für einzelpersonen\b|\baudio für zuhaus\b|\bcomput\b|\bdj\b|\bstudio\b|\bdenv electronic\b|\brevo\b|\biluv\b|\bvolksw\b|\bvestax\b|\bjaybird\b|\bklipsch\b|\bacer\b|\bsomic\b|\bmirror\b|\bawei\b|\brock\b|\bsmart\b|\bbluedio\b|\bsad\b|\brc\b|\btritton\b|\brobert\b|\bricatech\b|\btechnaxx\b|\bskytronic\b|\bsharkoon\b|\bfrend\b|\binterfac\b|\bgigaset\b|\bbang olufsen\b|\bclatronic\b|\bspeedlink\b|\bdisney\b|\baftershokz\b|\ballen heath\b|\bwmc\b|\bmonacor\b|\bfostex\b|\bik multimedi\b|\bpoint\b|\blin\b|\bhartig helling\b|\blioncast\b|\bmod\b|\balan electronic\b|\bcorsair\b|\bv7\b|\byurbud\b|\bgigabyt\b|\bnathan\b|\beurolit\b|\balbrecht\b|\bpur\b|\bscal\b|\bmakit\b|\basus\b|\bdewalt\b|\btrekstor\b|\bblaupunkt\b|\bamerican audio\b|\bidanc\b|\bkrk\b|\baudio\b|\blexibook\b|\bx4 tech\b|\bstk\b|\bfisch amp\b|\bapple\b|\bmicrosoft\b|\boregon scientific\b|\bnaf naf\b|\bjawbon\b|\baeg\b|\btechnic\b|\basl intercom\b|\bsm audio\b|\bsteelser\b|\bcabston\b|\blexon\b|\bdnt\b|\bthomson\b|\bxl\b|\bnumark\b|\bsamson\b|\byamah\b|\betymotic\b|\baun\b|\bintenso\b|\bkoss\b|\bplus\b|\bisol\b|\bld system\b|\bblau\b|\bxiaom\b|\bsuperlux\b|\broland\b|\bvic firth\b|\blenco\b|\bbos\b|\bsandisk\b|\breloop\b|\bcoloud\b|\bgrundig\b|\bham\b|\bbon\b|\bsamsung\b|\bphilip\b|\bmedion\b|\bimperial\b|\blogitech\b|\broadstar\b|\bteufel\b|\baiai\b|\bmarshall\b|\bgerman maestro\b|\bbehring\b|\bbeat by dr\$& dre\b|\bmus\b|\bultrason\b|\bmonst\b|\bjabr\b|\bmarmitek\b|\blibraton\b|\bsen\b|\bpanasonic\b|\bskullcandy\b|\bdenon\b|\bhous of marley\b|\burbanear\b|\bjbl\b|\bjvc\b|\bplantronic\b|\baudio technic\b|\binear\b|\bcardo\b|\btechnisat\b|\bsony\b|\bpione\b|\bcellular lin\b|\bshur\b|\bsennheis\b|\bsangean\b|\bakg\b|\bbeyerdynamic\b|\bsoundmast\b|\btragbar cd plai\b|\bmp3 plai\b|\bradioweck\b|\bradiorecord\b|\bheadset\b|\bmp3 zubehör\b|\bpersonal radios\b|\bkopfhör\b)
85746,(\bs100\b|\bc100\b|\ba310\b|\bblumenmust\b|\btransparent\b|\b\b|\b\b|\b\b|\bquad cor\b|\bhex cor\b|\bocta cor\b|\bgsm\b|\bgsm wcdma lte\b|\bfdd lte\b|\blte\b|\bnfc\b|\bbluetooth\b|\b3g\b|\b4g\b|\bnetzadapt\b|\badapt\b|\busb ladegerät\b|\bwindow phon 8\$&1\b|\bandroid 2\$&0\b|\bmicrosoft window\b|\bios apple\b|\bstar\b|\bandroid\b|\bmicrosoft smartphon\b|\blithium ionen\b|\bled\b|\bway\b|\bja\b|\bv60\b|\bv120\b|\b\b|\b\b|\bpc\b|\buniversal\b|\banalog\b|\bdigital\b|\bsony ericsson xperi\b|\bsamsung galaxy\b|\btouchscreen\b|\bstimm\b|\btastenfeld\b|\bradio\b|\bbunt\b|\bbluetooth\b|\bgsm quadband wcdma umt\b|\bgsm umt lte\b|\bgsm edge quadband wcdma umt hsdpa hsup cdma ev do rev\$&\b|\bgsm gpr edge hspa wcdma lte\b|\bgsm dualband\b|\bgsm gpr edge quadband hspa\b|\bgsm quadband wcdma umt\b|\blte\b|\bgsm hsdpa lte\b|\bgsm hsdpa lte\b|\bgsm quadband\b|\bgsm edge umt hspa dc‑hsdpa lte\b|\bgsm gpr edge hspa umt lte\b|\bwcdma umt gsm\b|\bgsm edge umt hspa dc hsdpa lte\b|\bgsm tri band\b|\btaschen\b|\bschutzhüllen\b|\bmegapixel\b|\bmegapixel\b|\bno\b|\bmegapixel\b|\bmegapixel\b|\bmegapixel\b|\bmegapixel\b|\buhr handy\b|\bhandy\b|\bsmartphon\b|\b\b|\bslid\b|\baktiv\b|\b\b|\b\b|\bblad\b|\b\b|\bsmartphon\b|\btouchscreen\b|\bklapphandy\b|\bklassisch candy bar\b|\bsmartphon\b|\bbeig\b|\btürkis\b|\bsilb\b|\bgold\b|\bweiß\b|\brot\b|\bgrau\b|\bschwarz\b|\bhtc one\b|\bempori connect\b|\bsony xperi e1\b|\balcatel\b|\bsagem\b|\bxiaom mi\b|\bsamsung galaxy j5\b|\blenovo vib\b|\bsony xperi m4 aqua\b|\bzte\b|\bmobistel\b|\bempori\b|\bsamsung galaxy\b|\bhtc\b|\bxiaom redm\b|\bhuawei ascend\b|\bcaterpillar cat\b|\bblackberry\b|\bsony ericsson\b|\bsamsung\b|\bmicrosoft lumi\b|\bhuawei\b|\bdoro primo\b|\bdoro phon easy\b|\bapple iphon\b|\bleitun\b|\bleitun\b|\bleitun\b|\beinzelleitung\b|\banalog\b|\bkombigerät schnur schnurlos telefon\b|\bisdn\b|\berweiterungsmobilteil\b|\bschnurtelefon\b|\bschnurlos telefon\b|\bblackberry\b|\bsony ericsson\b|\bmotorol\b|\bgap\b|\bsiemen\b|\bbluetooth\b|\bnoki\b|\bhtc\b|\blg\b|\bsamsung\b|\bisdn\b|\bdect\b|\bgrün\b|\blil\b|\borang\b|\bgelb\b|\bbraun\b|\bpink\b|\bgold\b|\bsilb\b|\brot\b|\bgrau\b|\bblau\b|\bweiß\b|\bschwarz\b|\blcd display\b|\bfreisprechzubehör\b|\bsoftwar\b|\bhologramm und aufkleb\b|\bzubehörpaket\b|\bbildschirmschutz\b|\bkam\b|\bkabeln\b|\btelefonhalterun und ständer\b|\blautsprech\b|\bladegerät und adapt\b|\bakkus\b|\bgehäus taschen und klemmen\b|\baastr telecom\b|\boliv\b|\balcatel\b|\bsagem\b|\bcubot\b|\blenovo\b|\byaesu\b|\bsagemcom\b|\balcatel onetouch\b|\bbrennenstuhl\b|\bumi\b|\bpolycom\b|\bbe fon\b|\bsoundmast\b|\bduracel\b|\bge\b|\btelekom\b|\bgrundig\b|\bamplicom\b|\bcisco\b|\bmeizu\b|\bdooge\b|\bzte\b|\bmedion\b|\bsennheis\b|\bmotorol\b|\btiptel\b|\bcrosscall\b|\bmidland\b|\balbrecht\b|\bsnom\b|\bsm\b|\bsiemen\b|\bwouxun\b|\bfunkwerk\b|\bauerswald\b|\bmobistel\b|\bempori\b|\bkonftel\b|\bswisston\b|\bhtc\b|\bxiaom\b|\belmeg\b|\bcat\b|\bswissvoic\b|\bdetew\b|\baeg\b|\bsony\b|\bblackberry\b|\bavm\b|\bsony ericsson\b|\bolympi\b|\bdoro\b|\bbaofeng\b|\bswitel\b|\bmicrosoft\b|\bwiko\b|\bsamsung\b|\baudiolin\b|\bhuawei\b|\bapple\b|\bdeutsch telekom\b|\bpanasonic\b|\bgigaset\b|\baudio video lautstärkeregl\b|\bvibrationsalarm\b|\bnotrufsend\b|\bdirektwahltasten\b|\bring einstellun\b|\bnicht an ommen anruf indikator\b|\bdisplay mit hintergrundbeleuchtung\b|\beingebaut uhr\b|\bge sprechanlag\b|\bradioweck\b|\bbatteriestandanzeig\b|\bwahlwiederholung\b|\bcalendar\b|\binterphon\b|\banruf tim\b|\bbluetooth\b|\bcall id ansag\b|\bmobilteilfind\b|\bautomatisch wahlwiederholung\b|\bwählbar klingelzeichen\b|\bvoicemail\b|\banklopfen\b|\bdirektanruf babyfon\b|\bfreisprechen an bas\b|\bsm\b|\balarm\b|\blautsprechertelefon\b|\blcd display\b|\banrufererkennung\b|\banrufbeantwort\b|\bkonferenzstationen\b|\btelefonzubehör\b|\bfunkgerät\b|\bhandy\b|\btelefon\b|\bzubehör für handy\b)
85747,(\bradio\b|\bfernbedienung für vcr\b|\binternet medi stream\b|\bfestplatten record\b|\bmpeg2\b|\bmpeg1\b|\bmpeg4\b|\bdvb\b|\bdvb\b|\bpal\b|\bntsc\b|\brf tv\b|\busb\b|\busb 2\$&0\b|\bvirtual surround\b|\bdt nur digital out\b|\bdolby digital plus\b|\bdolby digital nur digital out\b|\bdolby tru hd\b|\bdvd rw\b|\bcd rw\b|\bcd\b|\bdvd\b|\bdvd\b|\bdvd rw\b|\bblu ray bd\b|\bblu ray bd re\b|\bfestplatt\b|\bhdmi\b|\bwlan\b|\busb\b|\bmp3 plai\b|\bkam\b|\btv\b|\bprojektor\b|\bdigital audio koaxial rca\b|\busb\b|\bstereo audio rca\b|\bcomposit video rca\b|\bdigital audio optisch toslink\b|\blautsprech\b|\bcoaxial\b|\bhdmi\b|\bjpeg slideshow\b|\bbd liv\b|\bfull hd\b|\bsmart tv os schnittstel\b|\bapp\b|\bbrows\b|\b3d\b|\bdvb\b|\bdvb\b|\bwi fi\b|\bkindersicherung\b|\bdlna\b|\bintegriert spiel\b|\bkindersicherung\b|\buntertitel dekodierung\b|\bdrahtlos softwar download\b|\bdigital\b|\bhd digital\b|\bfestplatten record\b|\bhd dvr\b|\btv receiv\b|\bros\b|\bblau\b|\bweiss\b|\bsilb\b|\bschwarz\b|\b576i\b|\b576p\b|\b1080p\b|\b720p\b|\b1080i\b|\bblu ray record\b|\btragbar dvd plai\b|\b3d blu ray plai\b|\bblu ray plai\b|\bdvd plai\b|\bavi\b|\bwmv\b|\bh\$&264\b|\bavchd\b|\bflv\b|\bm4v\b|\bvob\b|\bavc rec\b|\bdivx\b|\bmkv\b|\bdt\b|\blpcm\b|\bjpeg\b|\baac\b|\bwma\b|\bmpeg\b|\bxvid\b|\bmp3\b|\bgleichzeitig aufnahm von programmen\b|\binternet medi stream\b|\bspeicherkartenles\b|\busb eingang\b|\bhom medi cent\b|\bfrei empfang\b|\btimeshift\b|\bchannel manag\b|\bteletext\b|\bterrestrisch\b|\biptv receiv\b|\bdvb empfänger\b|\bkabel receiv\b|\bsatellitenlautsprech\b|\bhdtv receiv\b|\bsat receiv\b|\bsvcd\b|\bvcd\b|\bblu ray\b|\bdt cd\b|\bblu ray bd re\b|\bdvd audio\b|\bblu ray bd\b|\bblu ray bd rom\b|\bblu ray 3d\b|\bdvd vr dl\b|\bcd rw\b|\bcd\b|\bdvd\b|\bdvd rw\b|\bdvd rw\b|\bdvd\b|\bcd\b|\bdvd\b|\bwlan\b|\bethernet anschluss\b|\bseriel\b|\bnetzwerk rj\b|\busb\b|\bcommon interfac slot\b|\bsmart card read\b|\busb anschluss\b|\bfernsehanten\b|\bscart vcr\b|\bcoaxial spdif\b|\bcomposit\b|\brj\b|\bcomponent ypbpr rca\b|\bstereo audio rca\b|\bspdif\b|\bdigital audio optisch toslink\b|\bvideo\b|\bkomponenten\b|\bscart tv\b|\bdigital audio koaxial\b|\bscart\b|\bdigital audio optisch\b|\busb 2\$&0\b|\bhdmi\b|\bbmp\b|\bgif\b|\bwmv\b|\baac\b|\bmkv\b|\bmov\b|\bavi\b|\bxvid\b|\bts4\b|\bvob\b|\bt\b|\bmpeg\b|\bjpeg\b|\bmp3\b|\bmpeg\b|\bdenv\b|\bloew\b|\bsharp\b|\bsunn\b|\bone for all\b|\bunicam\b|\boehlbach\b|\b\b|\bx10\b|\bpeerless\b|\bpctv\b|\bgrandstream\b|\bprotek\b|\bcanon\b|\btrendnet\b|\blenco\b|\bhoneywel\b|\beasyon\b|\bdigitus\b|\bnewstar\b|\bsentrysaf\b|\bdevolo\b|\bsoundmast\b|\b\b|\bchamberlain\b|\bomnimount\b|\bdelock\b|\byamah\b|\bgopro\b|\blevelon\b|\beverfocus\b|\bcomag\b|\btelestar\b|\bgrundig\b|\blogilink\b|\bmegasat\b|\breflexion\b|\bham\b|\bzavio\b|\bpanasonic\b|\bdeutsch telekom\b|\bdream multimedi\b|\bkönig\b|\bxoro\b|\bedimax\b|\boctagon\b|\bgigablu\b|\bvcm\b|\bmus\b|\blg\b|\bdreambox\b|\bhumax\b|\bburg wächter\b|\bfoscam\b|\bphilip\b|\blupus electronic\b|\bolympi\b|\bdom\b|\bsony\b|\bvogel\b|\blink\b|\bkathrein\b|\bsamsung\b|\btechnisat\b|\babus\b|\bfernseh\b|\bdvd und blu ray plai\b|\bdigital tv receiv\b|\bfernbedienun\b|\btv zubehör\b|\bsicherheit und überwachungssystem\b)
96262,(\bmemory stick\b|\bsdhc\b|\bsd\b|\bso dimm polig\b|\bfb dimm\b|\bdimm polig\b|\bso dimm pin\b|\bclass\b|\bclass\b|\bclass\b|\bdram\b|\bddr4 ram\b|\bsdram\b|\bddr ram\b|\bddr3 sdram\b|\bddr2 ram\b|\bddr3 ram\b|\bcl2\$&5\b|\bcl3\b|\bcl7\b|\bcl10\b|\bcl5\b|\bcl9\b|\bcl11\b|\bcl1\$&5\b|\bmhz\b|\bmhz\b|\bmhz\b|\bmhz\b|\bmhz\b|\bmhz\b|\bmhz\b|\bmhz\b|\bmhz\b|\bmhz\b|\bsdhc uh ii\b|\bxqd\b|\bmultimedi\b|\bcfast 2\$&0\b|\bsdxc uh ii\b|\bsdhc uh\b|\bcompactflash\b|\bmicrosdxc uh\b|\bsdxc uh\b|\bcompactflash\b|\bmicrosdhc uh\b|\bmicrosd\b|\bsd\b|\bsdxc\b|\bmicrosdxc\b|\bsdhc\b|\bmicrosdhc\b|\bmb\b|\bmb\b|\bgb\b|\bgb\b|\bgb\b|\bgb\b|\bgb\b|\bgb\b|\bdat technology\b|\bham\b|\babus\b|\bmusikhaus thomann\b|\bdfi\b|\bge\b|\bfujifilm\b|\binfineon\b|\bquad\b|\bteam group\b|\blexmark\b|\bsilverston\b|\bmacbook pro\b|\byakumo\b|\bctx\b|\bxerox\b|\belit\b|\blg\b|\bintel\b|\bsupermicro\b|\bapac\b|\bmedion\b|\bagfaphoto\b|\bblackberry\b|\bsk\b|\braidsonic\b|\bemtec\b|\blogilink\b|\bxlyn\b|\bbeyerdynamic\b|\btec\b|\bgoobay\b|\biso\b|\bhyrican\b|\byamah\b|\bpdp system\b|\bmaxflash\b|\bultron\b|\bgoodram\b|\bkingmax\b|\bv7\b|\bpavilion\b|\bicy box\b|\bacer\b|\bgateway\b|\bleef\b|\b\b|\bcnmemory\b|\bapple\b|\bgopro\b|\btoshib\b|\bcisco\b|\bpny\b|\bgigabyt\b|\bsynology\b|\bhewlet packard\b|\bibm\b|\basus\b|\bketron\b|\bpatriot memory\b|\bamd\b|\bmutec\b|\bdelock\b|\bjung\b|\blexar\b|\bfujitsu\b|\bdel\b|\bsilicon pow\b|\bpatriot\b|\bcompaq\b|\bverbatim\b|\bmushkin\b|\bsony\b|\bdat\b|\bintenso\b|\bhp\b|\bsamsung\b|\blenovo\b|\bavant memory solut\b|\badat\b|\bcrucial\b|\btranscend\b|\bcorsair\b|\bkingston\b|\bsandisk\b|\bg\$&skill\b|\bcach speich\b|\bspeicheradapt\b|\bram speich\b|\bflash speich\b)
96409,(\btransfereinheit\b|\bdruckkopf\b|\bkabel\b|\bbluetooth\b|\bva\b|\bva\b|\bva\b|\bva\b|\bva\b|\bva\b|\bva\b|\bva\b|\bva\b|\b\b|\b\b|\b\b|\b\b|\b\b|\b\b|\b\b|\blenovo ideapad\b|\bapple macbook air\b|\bmicrosoft surfac\b|\bapple macbook pro\b|\bsamsung galaxy tab\b|\buniversal\b|\blenovo thinkpad\b|\bstreifen\b|\bblau\b|\bsilb\b|\bgrau\b|\bschwarz\b|\baufkleb\b|\bfernbedienung\b|\blautsprech\b|\bdocking station\b|\bschnittstellenreplikator\b|\bständer\b|\bakku\b|\babdeckung\b|\bnetzteil\b|\bmonitor kabel\b|\blautsprech kabel\b|\badapt\b|\baudio kabel\b|\brca kabel\b|\bvga adapt\b|\bhdmi kabel\b|\bscart\b|\bseriel adapt\b|\bverlängerungskabel\b|\bnetzteil\b|\bkabel\b|\bibm\b|\bsony\b|\btoshib\b|\bsamsung\b|\bfujitsu\b|\bacer\b|\bdel\b|\bapple\b|\basus\b|\bfür canon\b|\bf\$&\$&\$&\$&\$&\$&r panasonic\b|\bfür lexmark\b|\bfür hp\b|\bf\$&\$&\$&\$&\$&\$&r konic minolt\b|\bf\$&\$&\$&\$&\$&\$&r ricoh\b|\bf\$&\$&\$&\$&\$&\$&r kyoc mit\b|\bf\$&\$&\$&\$&\$&\$&r broth\b|\bf\$&\$&\$&\$&\$&\$&r samsung\b|\bf\$&\$&\$&\$&\$&\$&r epson\b|\bcasio\b|\bibm\b|\bgestetn\b|\bpanasonic\b|\bminolt\b|\bkonic\b|\bmit\b|\blani\b|\bdel\b|\bsiemen\b|\bsharp\b|\btoshib\b|\bolivet\b|\bxerox\b|\bdec\b|\bnec\b|\bkyoc mit\b|\bricoh\b|\blexmark\b|\boki\b|\bhewlet packard\b|\bbroth\b|\bepson\b|\bsamsung\b|\bcanon\b|\belektrisch schreibmaschin\b|\bkopier\b|\bfax\b|\bdruck\b|\btransferband\b|\bentwickl\b|\btrommeleinheit\b|\bfarbband\b|\bton kasset\b|\btintenpatron\b|\bgrün\b|\borang\b|\bweiß\b|\brot\b|\bgrau\b|\bblau\b|\bgelb\b|\bmehrfarbig\b|\bzyan\b|\bma ta\b|\bschwarz\b|\busv zubehör\b|\bdruckerzubehör\b|\büberspannungsableit\b|\bpc lautsprech\b|\bmonitorzubehör\b|\busv anla\b|\bnotebook und tablet zubehör\b|\bkabel und steck\b|\bton und tintenpatronen\b|\bpark\b|\bstar\b|\bdel el\b|\barmor\b|\bklipsch\b|\bmaxdat\b|\bintel\b|\bgopro\b|\baputur\b|\brock\b|\bmacbook pro\b|\bhaus\b|\bsignal\b|\bakg\b|\bmetax\b|\bsharkoon\b|\bicy box\b|\bballistic\b|\bolympi\b|\bbelkin\b|\bwieland\b|\bcinch\b|\bkipling\b|\boilily\b|\bmarmitek\b|\bomnitronic\b|\bmedion\b|\bgrau\b|\bdakin\b|\bcabston\b|\brolin\b|\bteufel\b|\bcordial\b|\binterfac\b|\bstartech\$&com\b|\bamphenol\b|\bdigitus\b|\bonkyo\b|\bharting\b|\bxavax\b|\btyphoon\b|\bpiquadro\b|\bpione\b|\bharman kardon\b|\bsamsonit\b|\btrust\b|\bgrundig\b|\baudio technic\b|\bbubprint\b|\bofficio\b|\bkodak\b|\bagfaphoto\b|\bfellow\b|\bplus\b|\bpowerwar\b|\bcreativ\b|\beaton corpor\b|\blogitech\b|\bcyberpow\b|\bjack\b|\bsony\b|\baudiolin\b|\bzagg\b|\bamp\b|\bkor\b|\bas schwab\b|\bstk\b|\btronj\b|\blani\b|\blg\b|\bneutrik\b|\bsomm cabl\b|\baudioquest\b|\bkensington\b|\btes\b|\bnashuatec\b|\bdurabl\b|\bibm\b|\boce\b|\bdot\b|\bdymo\b|\bvogel\b|\bpanasonic\b|\bex pro\b|\bedding\b|\bvga\b|\bligawo\b|\bvcm\b|\bthe sssnak\b|\bsharp\b|\bsagemcom\b|\bphilip\b|\bdevelop\b|\bconfinlux\b|\bschutz\b|\bbrennenstuhl\b|\bgoobay\b|\bfujitsu\b|\bdel\b|\btoshib\b|\bolivet\b|\bergotron\b|\bintenso\b|\bastar\b|\bworkforc\b|\bacer\b|\bclub 3d\b|\basus\b|\butax\b|\bthermaltak\b|\blogilink\b|\blenovo\b|\bkonic minolt\b|\boki printing solut\b|\bpelikan\b|\bkmp\b|\bdelock\b|\blexmark\b|\bricoh\b|\bapc\b|\bkyoc\b|\bxerox\b|\brwp gmbh\b|\bhewlet packard\b|\bbroth\b|\bsamsung\b|\bepson\b|\bcanon\b|\bhp\b)
96410,(\bintern\b|\bkarten herunterladen\b|\bkartenpatronen datenkarten\b|\bsd secur digital kartensteckplatz\b|\bmicrosd steckplatz\b|\bmehrer fahrtziel\b|\buhrzeitangab für sonnenaufgang untergang\b|\bkürzest zeit\b|\broutenneuberechnung\b|\bkürzest entfernung\b|\b\b|\b\b|\b\b|\b\b|\b\b|\bbluetooth\b|\bnme\b|\bwi fi\b|\busb\b|\busa inkl\$& hawai alask\b|\bkanad\b|\beurop\b|\bdeutschland\b|\bwasserdicht\b|\bbluetooth\b|\busb\b|\bgsm\b|\bgpr\b|\blithium polym\b|\baaa\b|\baa akkus\b|\baa\b|\blithium ionen akku\b|\bnimh\b|\baufladbar lithium ionen\b|\baa\b|\blithium ionen\b|\btastatur\b|\bthumbstick\b|\bwatch button\b|\btastenfeld\b|\btouchscreen\b|\btransporttasch\b|\bverkehrsfunkempfäng\b|\bfahrzeugmontag\b|\bkartensoftwar\b|\bnetzteil\b|\bgp receiv modul\b|\bdatenkabel\b|\bfernbedienung\b|\bbefestigun\b|\banten\b|\bakku\b|\bsport\b|\bgolf\b|\baußenbereich\b|\bmotorrad fahrräd\b|\boutdoor freizeit\b|\bmotorrad\b|\bautomobil straßenverkehr\b|\bautomobil\b|\bsilb\b|\bros\b|\blil\b|\bweiß\b|\bblau\b|\bgrau\b|\bschwarz\b|\bmontierbar\b|\bautoladekabel\b|\balternativrout\b|\barmbandgerät\b|\beingebaut\b|\bfixed\b|\bwasserdicht\b|\bhandgeführt\b|\bdynamisch navig tmc\b|\bin dash\b|\bbluetooth\b|\bhandheld\b|\btouch screen bedienung\b|\btragbar\b|\bdual\b|\bwasserdicht\b|\btomtom vi\b|\bnavigator\b|\bwi fi\b|\bblau\b|\busb\b|\bros\b|\boutdoor freizeit\b|\bfalk\b|\bholux\b|\btomtom go\b|\blocator\b|\bgarmin zumo\b|\brival\b|\bcobr\b|\boutdoor\b|\bgsm\b|\bpremium\b|\bsnoop\b|\bmotorrad\b|\bmio\b|\bgpr\b|\bblaupunkt\b|\bbeck\b|\btomtom\b|\bsnoop\b|\bgarmin\b|\bintermec\b|\brivacas\b|\barat\b|\bnavilock\b|\bphilip\b|\bansmann\b|\byakumo\b|\bsamsung\b|\bgalaxy\b|\bballistic\b|\bbluemedi\b|\bpalm\b|\bego\b|\bhq\b|\bvolvo\b|\be\b|\bmicrosoft\b|\bblackberry\b|\bcrystal\b|\bparrot\b|\bped\b|\bthul\b|\byoobao\b|\bacv electronic\b|\bdatalogic\b|\b\b|\basus\b|\binfocus\b|\bnavigon\b|\belectronic star\b|\bmagellan\b|\baiv\b|\bmio\b|\bicarus\b|\baero\b|\bkenwood\b|\bapple\b|\bhoneywel\b|\bhardcas\b|\bbeck\b|\bhaus\b|\bblaupunkt\b|\bcas logic\b|\bgopro\b|\bneo\b|\bacer\b|\bhp\b|\bkobo\b|\brimow\b|\bsony\b|\btouratech\b|\bmedion\b|\b\b|\bamazon\b|\b\b|\bipaq\b|\bcelexon\b|\bfalk\b|\bvogel\b|\bgarmin\b|\btomtom\b|\bpdas\b|\bebook read und pda zubehör\b|\bnavigationssystem\b|\bzubehör für navigationssystem\b)
96667,(\bsoft bh\b|\bbusti\b|\bbaby mädchen\b|\bbaby jun\b|\bxl\b|\b\b|\b\b|\b\b|\b\b|\b\b|\btennissocken\b|\bstrumpfhosen\b|\blegging\b|\bsportsocken\b|\bkniestrümpf\b|\bsocken\b|\bschlafanzug\b|\bschlafanzüg\b|\bxxl\b|\bxl\b|\bx\b|\bmädchen\b|\bjun\b|\bbh\b|\bnachtwäsch\b|\bbh\b|\bcelav\b|\bicebreak\b|\bbugatt\b|\bringel\b|\bback\b|\bdessous dessus\b|\bbeach\b|\bdise\b|\bcakewalk\b|\bengel\b|\bella\b|\bbird\b|\bceceb\b|\bclio\b|\bjack jon\b|\bbamboo\b|\bdc\b|\bemily\b|\bdougl\b|\basic\b|\b2xu\b|\bfox\b|\badid\b|\bnaturan\b|\bbench\b|\babsorb\b|\bbjörn borg\b|\bhom\b|\bslogg\b|\bbuffalo\b|\bnik\b|\bamorali\b|\bshock absorb\b|\baubad\b|\be\b|\bwonderbr\b|\bcream\b|\bconvers\b|\bviani\b|\bbox\b|\banit\b|\bcalando\b|\bdim\b|\bdesigual\b|\bcart\b|\bdiesel\b|\bsass\b|\bcep\b|\bend\b|\bcar\b|\bcamano\b|\bewer\b|\bafter eden\b|\bcalid\b|\bs\$&oliv\b|\btommy hilfig\b|\bdkny\b|\bmarc polo\b|\bodlo\b|\bcosabel\b|\bchantel\b|\bhanro\b|\bpum\b|\bhunkemöll\b|\bdisney\b|\bpassionat\b|\bskiny\b|\bfalk\b|\bcalvin klein\b|\btriumph\b|\besprit\b|\bbodyflirt\b|\bsanet\b|\bschiess\b|\bbonprix\b|\bfrotte\b|\bspitz\b|\bpolyacryl\b|\bpolyurethan\b|\bmikrofas\b|\bwoll\b|\bfleec\b|\bseid\b|\bmodal\b|\bnylon\b|\bviskos\b|\bpolyest\b|\bbaumwoll\b|\bpolyamid\b|\bsilb\b|\bcrem\b|\bgold\b|\bgelb\b|\borang\b|\bbraun\b|\bgrün\b|\blil\b|\bbeig\b|\brot\b|\bpink\b|\bgrau\b|\bweiß\b|\bblau\b|\bschwarz\b|\bunisex\b|\bherren\b|\bkind\b|\bdamen\b|\b\b|\b\b|\b\b|\b\b|\b\b|\b\b|\bshirt bh\b|\bsoft bh\b|\bminimiz bh\b|\bbusti\b|\bbügel bh\b|\bsport bh\b|\bpant hipst\b|\bslip\b|\bschlafanzüg\b|\bschlafanzug\b|\btennissocken\b|\bstrumpfhosen\b|\blegging\b|\bsportsocken\b|\bkniestrümpf\b|\bsocken\b|\bjun\b|\bmädchen\b|\bxl\b|\bxxl\b|\bx\b|\bbh\b|\bnachtwäsch\b|\bbh\b|\bcelav\b|\bclio\b|\bcleptomanicx\b|\bbugatt\b|\bnaturan\b|\bcybel\b|\bmey\b|\bbench\b|\bcarhartt\b|\bceceb\b|\bbamboo\b|\bemily\b|\bdougl\b|\b2xu\b|\bviani\b|\bbruno banan\b|\bandal\b|\bback\b|\bcar\b|\bhom\b|\bjack jon\b|\bdesigual\b|\bcream\b|\basic\b|\bamorali\b|\bicebreak\b|\bclair\b|\barizon\b|\bbeach\b|\bdc\b|\bconvers\b|\bnik\b|\bbuffalo\b|\be\b|\bwonderbr\b|\bafter eden\b|\bbox\b|\badid\b|\bdim\b|\bewer\b|\bshock absorb\b|\bcamano\b|\bcalando\b|\bcart\b|\bdiesel\b|\bdisney\b|\bcep\b|\baubad\b|\bslogg\b|\bend\b|\bcalid\b|\bcosabel\b|\bodlo\b|\bmarc polo\b|\btommy hilfig\b|\bs\$&oliv\b|\bsass\b|\bdkny\b|\bsanet\b|\bskiny\b|\banit\b|\bchantel\b|\bhunkemöll\b|\bhanro\b|\bpum\b|\bfalk\b|\bpassionat\b|\bbodyflirt\b|\bcalvin klein\b|\btriumph\b|\besprit\b|\bschiess\b|\bbonprix\b|\bgold\b|\bcrem\b|\bsilb\b|\bgelb\b|\borang\b|\bgrün\b|\bbraun\b|\blil\b|\bpink\b|\bbeig\b|\brot\b|\bgrau\b|\bblau\b|\bweiß\b|\bschwarz\b|\bbaby\b|\bkind\b|\bunisex\b|\bherren\b|\bdamen\b|\bpolyurethan\b|\bfleec\b|\bmikrofas\b|\bfrotte\b|\bwoll\b|\bspitz\b|\bseid\b|\bjersey\b|\bmodal\b|\bviskos\b|\bnylon\b|\bpolyest\b|\bbaumwoll\b|\bpolyamid\b)
96668,(\bhochformat\b|\bquerformat\b|\bbrustbeutel\b|\bportemonnai\b|\bbeuteltaschen\b|\bgürteltaschen\b|\bclutch\b|\bhenkeltaschen\b|\bmin handtaschen\b|\bumhängetaschen\b|\bschultertaschen\b|\bshopp\b|\bsmartwool\b|\bstev madden\b|\bcarhartt\b|\bfox\b|\bvan\b|\bvictorinox\b|\bthe north fac\b|\bnixon\b|\bvaud\b|\bnik\b|\bmatt nat\b|\bliebeskind berlin\b|\bdisney\b|\bpum\b|\bjust cavall\b|\bvolcom\b|\bfossil\b|\bpacsaf\b|\banuschk\b|\bcross\b|\btum\b|\blacost\b|\bbric\b|\bmichael kor\b|\bdiesel\b|\bdakin\b|\boilily\b|\bfurl\b|\bdkny\b|\bguess\b|\bdesigual\b|\bkipling\b|\be\b|\bwoll\b|\black\b|\bdenim\b|\bbaumwoll\b|\bnylon\b|\bpolyest\b|\bled\b|\bcrem\b|\bgelb\b|\borang\b|\bgold\b|\bsilb\b|\blil\b|\bgrün\b|\bweiß\b|\bpink\b|\bbeig\b|\bblau\b|\brot\b|\bgrau\b|\bbraun\b|\bschwarz\b|\bgeldbörsen etuis\b|\bhandtaschen\b|\bfrauen\b|\bkind\b|\bunisex\b|\bherren\b|\bdamen\b|\blackled\b|\bkunstled\b|\bhochformat\b|\bquerformat\b|\bbrustbeutel\b|\bportemonnai\b|\bbeuteltaschen\b|\bhenkeltaschen\b|\bclutch\b|\bmin handtaschen\b|\bumhängetaschen\b|\bschultertaschen\b|\bshopp\b|\bvolcom\b|\banuschk\b|\bfox\b|\bdc\b|\bnan\b|\bralph lauren\b|\bmanhattan\b|\bjust cavall\b|\bcross\b|\bvictorinox\b|\bdakin\b|\bnik\b|\btum\b|\bvaud\b|\bliebeskind berlin\b|\bpum\b|\bdiesel\b|\bmatt nat\b|\blacost\b|\bbric\b|\bmichael kor\b|\bpacsaf\b|\bfurl\b|\bfossil\b|\bdkny\b|\boilily\b|\bguess\b|\bdesigual\b|\bkipling\b|\be\b|\blackled\b|\bleinen\b|\black\b|\bwoll\b|\bdenim\b|\bbaumwoll\b|\bnylon\b|\bpolyest\b|\bled\b|\bcrem\b|\bgelb\b|\blil\b|\bgold\b|\borang\b|\bsilb\b|\bpink\b|\bweiß\b|\bgrün\b|\bbeig\b|\brot\b|\bgrau\b|\bblau\b|\bbraun\b|\bschwarz\b|\bkind\b|\bfrauen\b|\bherren\b|\bunisex\b|\bdamen\b|\bgeldbörsen etuis\b|\bhandtaschen\b)
96714,(\bwma\b|\bmp3\b|\bjpeg\b|\bmemory stick\b|\bsdhc kart\b|\bmultimedi kart\b|\bsecur digital kart\b|\bblau\b|\bgrün\b|\bpink\b|\bgrau\b|\bbeig\b|\bsilb\b|\bweiß\b|\bbraun\b|\bschwarz\b|\bgrundig\b|\bhaus\b|\brollei\b|\bdig fram\b|\bbraun photo technik\b|\bham\b|\bintenso\b)
catid,(\battributevaluenam\b)
